bzlttpo3d6,2obcfet7rh
c67czctlk3,29pmdg7cww
774uw4bp3h,kyxzh4bwaf
01bfhpqsh8,yzuuim45u2
wx6zwivdir,4x886tp3jy
yrvafpeuok,7vvtt5kzqf
wxmqkow1h5,sdcu7ttct9
61dgs6bfyq,8rc9pxekme
oj3nf0snyu,z6w4y7h4tt
ddc6r5kczt,2nmgmi13bp
makpv530gs,1p7084n4i1
l61mixeja8,x5mdlmv74f
51vq2ykcki,hcntgesiy2
7v0btujlfo,8650fgrapm
omay03ke9t,jiede8cu8l
e8121sxop0,y2uye1azhj
56i2rck253,6dlnmx4mdo
t4eficzk6t,7s5gy9jyvr
ftara9kym1,fnf0l0k20d
loj4pilyi5,jr54u8c0s
naot9qy7t8,moepv05jf1
4v7nmfpmi6,3bwdhthldw
6m7x9ewtdv,93xwv4v8m5
c1fclxeh28,e2w3m88fg9
h3lxjid0f6,4jg0e46v2y
ss9azkrrl9,hcntgesiy2
9152d1ba0f,siyn2ospjb
zfpk1gb3zz,tp6o12feey
l1arc7ubea,rofwihnwxp
aagwvlz5rw,jyfw0ru5ny
keayl9pbpf,ni4skjwm68
m1cgc2tceb,e7ud37w0zs
cgl0wlgsbq,c42dh0we4f
vfcdnrj6vy,qt6oipr7h9
bwvestxuul,tnhhog5crz
maobty2cjk,wb69xcfo7x
ymza1rww3g,jr54u8c0s
sdfxh2vvd6,7s5gy9jyvr
5qi0skdjvw,mkzuo34cwh
oevehh14ja,kwniyu07hs
n0f9h5wx34,g65fw2a8yk
6dphj9yiy4,xyazst1qz8
06k8k8mkgv,1fxmlp6se3
agkcoy5su9,feu6ak9wg2
9by5ywtha2,0n30m99w8e
x7dfmikbtk,1fxmlp6se3
y4k247oapy,zcv2sfy6d9
5h8wnmaui5,8650fgrapm
mv1d7nibb8,7s5gy9jyvr
v5mvy3opal,8650fgrapm
g7y6ik1nms,tzbv2sur5g
rltefvb28y,pqxgp0o0aj
d3j6dwz58i,8rc9pxekme
i68xn9o7wy,af4cs0m0pf
xde8v9wzcl,22bkdo0tvd
jjn304hdx7,rofwihnwxp
y7kwwjp8qd,jyfw0ru5ny
3xvite4cfe,2obcfet7rh
u51l9ht0cx,c52pwwjsme
8f17wnmui8,8650fgrapm
rktvnhkoqz,gvl1c672ki
o2a593affr,d9ns7z7lqy
lb5nbauoxr,pqxgp0o0aj
0l1jel5p3g,3sfqggdodo
v7m0kjmpeh,6dlnmx4mdo
5xsfjlh4e2,ni4skjwm68
4v7nmfpmi6,g1fmjve428
rltefvb28y,e9959lbt32
d510n6zneg,age3ogzlbe
zdt8skij1a,c5m0wvzc7z
nawpf9ypf6,ax0g2r2epm
vtxtll72f3,0j133x0w9x
qfft4214qb,xyazst1qz8
efid2u0ipx,qwfcsu593w
qmynqyddod,1lr1jv7vts
xnbk907zoj,d9ns7z7lqy
n1ej9fvda,y2uye1azhj
oe011uxeeo,g1fmjve428
vlq0c8p4jz,kx2miastvz
3xgl8yzy28,2wtk7yekhp
jz9f20pwik,zcv2sfy6d9
9rdzvl62yq,kx2miastvz
swa4mruz7y,ccd2ps8kp5
nofncqnnwq,w63986zhlq
g4uqqxytie,qro2gp2h49
072b2qwthg,1fsfry42ds
omay03ke9t,y2uye1azhj
isuofcisf9,22bkdo0tvd
48smw4pnm7,e7ud37w0zs
x7dfmikbtk,2obcfet7rh
lvxrt9j46q,1lr1jv7vts
keg8btbeht,e7ud37w0zs
r6f4nty8x3,e7ud37w0zs
ychqch8ug1,c52pwwjsme
6hurdsb9v5,pqxgp0o0aj
wpbqyu46mq,7s5gy9jyvr
txkz7ba0bo,kwniyu07hs
savv3uqtrd,2obcfet7rh
mn8tpv9a2b,7vvtt5kzqf
1x2bri0jjx,pyf3hqsfoi
jgxm5nuyzn,kyxzh4bwaf
wy9u4w7uzh,boexoh5oaf
zh0svqe275,w63986zhlq
v3jtc0gagt,1lr1jv7vts
83jzjmqpmu,c5m0wvzc7z
04efd4ezq7,e9959lbt32
i2ga69mkyv,pqog060c4x
7zyvafjcm3,4x886tp3jy
oot4s0lrl3,4x886tp3jy
chxkpygicm,jyfw0ru5ny
510xn4rarr,bpr6x0iegq
48txpuo8zq,pqog060c4x
8k0vkitmsp,4x886tp3jy
dlf4ruia6s,d9ns7z7lqy
71p67ay41n,jr54u8c0s
jjeyw4gruy,8650fgrapm
a2i7ggdu2f,8q5yhwqu1l
9152d1ba0f,kkqz3ryooz
ss9azkrrl9,lkcr80ipuh
7gtz38y65a,w63986zhlq
lvxrt9j46q,d9ns7z7lqy
zkya5i2cjo,tnhhog5crz
7zyvafjcm3,dvbffzpgsh
r7rmmqb9zu,moepv05jf1
zelf54679o,jyfw0ru5ny
l82kdugayg,s93n25x803
j4v0hrfpiy,s93n25x803
agkcoy5su9,ccd2ps8kp5
xrp7ncyrd3,l4b1loj0fk
orku96x74w,ax0g2r2epm
ohlbi061ax,6dlnmx4mdo
wr6dqdu43u,mynn88kgwd
xbe0s9iyft,x5mdlmv74f
cgl0wlgsbq,93xwv4v8m5
14jdid628b,wb69xcfo7x
a2i7ggdu2f,l4b1loj0fk
cnhkeqgvqt,moepv05jf1
zn0az0f5uk,e7ud37w0zs
gk4cxpc928,6shq85ekuh
aagwvlz5rw,mwhw3dfl8o
eihc8hpymo,gvl1c672ki
0cfbtkmhw5,boexoh5oaf
tadpsxzqqp,kyxzh4bwaf
40lla7ln6s,yzuuim45u2
5ek0p3p0hv,8q5yhwqu1l
82t5gzdsjk,x5mdlmv74f
la8il1ypgc,kkqz3ryooz
4ttuchvjvg,52flmavmeg
mhecve2vw2,bpr6x0iegq
fentzxg8rf,g65fw2a8yk
rizhphgh95,2kzpblu076
n8d3ybwzqs,qwfcsu593w
xbe0s9iyft,c1pdoindlf
4fanpuwpd6,gvl1c672ki
eub4ss8kq8,c52pwwjsme
jjeyw4gruy,tp6o12feey
ohlbi061ax,kkqz3ryooz
5h8wnmaui5,c42dh0we4f
r7rmmqb9zu,0j133x0w9x
jppznzz5yg,1lr1jv7vts
1zvx94igve,7vvtt5kzqf
ptzkgmj1zo,y2uye1azhj
1lfwtoaww0,s93n25x803
lb5nbauoxr,boexoh5oaf
uk7tx195k5,y2uye1azhj
vze02mrazq,pqxgp0o0aj
1vmch12lo9,u39ahuwg42
gj85altu23,4jg0e46v2y
8m79xm2gq1,ccd2ps8kp5
6dphj9yiy4,l4b1loj0fk
swa4mruz7y,cjzxey0xwm
agkcoy5su9,8650fgrapm
4fanpuwpd6,6dlnmx4mdo
evvcjgnvs7,4x886tp3jy
2znzg9e82m,93xwv4v8m5
0u7nzc0bh2,2obcfet7rh
4qftkm5e87,g65fw2a8yk
ylwfk43vbo,03o2gk9vh4
iaes0v2xds,age3ogzlbe
vecn9i77c5,3bwdhthldw
glfud3bk4w,s4wllk18h9
jet83jcgco,8yqtugmpk3
0500waeotc,sdcu7ttct9
5ki4an34d2,29pmdg7cww
ylwfk43vbo,jiede8cu8l
r8qzf9js9d,jyfw0ru5ny
ocl43egp6w,wbtbesh3o2
pvbabxtcsz,h1manescm0
ddc6r5kczt,z6w4y7h4tt
g7y6ik1nms,c1pdoindlf
gx49mr8toy,cjzxey0xwm
u4ybsjj5u9,7vvtt5kzqf
pix114h9sc,52flmavmeg
g7y6ik1nms,d9ns7z7lqy
vn37dutprf,jiede8cu8l
vtxtll72f3,2nmgmi13bp
b4zdoivrgh,wb69xcfo7x
5isisrq14z,bpr6x0iegq
6mqm09x18v,4jg0e46v2y
71662qfb3t,s93n25x803
keayl9pbpf,kyxzh4bwaf
bhvdqfbhvp,93xwv4v8m5
7apx766jf4,0n30m99w8e
zfpk1gb3zz,38nkz3w6mi
1z5zp5seno,dvbffzpgsh
hzn9nbkvs0,n9efipkdkn
zkb7gb9078,7vvtt5kzqf
jhqawkerjh,hcntgesiy2
cf2u9lpbot,lkcr80ipuh
n3m3ncuobq,x5mdlmv74f
51vq2ykcki,8ta6rr5e4y
xvqfza4u6c,mynn88kgwd
a2i7ggdu2f,7s5gy9jyvr
jn2nx6g39x,z6w4y7h4tt
xbhx140j85,c42dh0we4f
nnztcsxw66,wbtbesh3o2
062gfqtl2x,jiede8cu8l
2rfw3b7l5h,cjzxey0xwm
r927tm334n,5v2vk1hh9v
ivhp3ecdte,29pmdg7cww
9bdi2oty3j,nldhdukza2
ubbi57cln2,lkcr80ipuh
v4xr8lz9xu,2wtk7yekhp
fy5tf7gzgf,boexoh5oaf
9qj8b6q2ir,pyf3hqsfoi
n8jqpqnnql,0n30m99w8e
0e3qfhfz8x,mkzuo34cwh
mg690ilkis,8yqtugmpk3
510xn4rarr,3sfqggdodo
35rar5ds1t,29pmdg7cww
g4uqqxytie,bpr6x0iegq
pguua2njww,yzuuim45u2
km5xq9osgc,age3ogzlbe
pu5geash90,ni4skjwm68
61dgs6bfyq,gvl1c672ki
1i8qtcw5mv,gvl1c672ki
y5jaect4my,y0qlvaecuv
oj3nf0snyu,5v2vk1hh9v
7dzkii5dco,93xwv4v8m5
or4mji7mp1,e7ud37w0zs
4a7hh2uoh0,feu6ak9wg2
1x2bri0jjx,c1pdoindlf
zug2rz3rta,jiede8cu8l
4fanpuwpd6,03o2gk9vh4
v3jtc0gagt,8ta6rr5e4y
06gdpikxx5,1lr1jv7vts
jt2qk703n3,4jg0e46v2y
s6csykzue5,pqog060c4x
glfud3bk4w,u39ahuwg42
ncqiis5mjs,wb69xcfo7x
galapalkfn,1p7084n4i1
6wc1rs1i6w,wb69xcfo7x
ddc6r5kczt,qt6oipr7h9
s6csykzue5,jyfw0ru5ny
jcz14r2swx,38nkz3w6mi
txuh2pw0lp,mkzuo34cwh
08orc5w4xu,7s5gy9jyvr
9295z5pk5j,pqxgp0o0aj
s649s1r7mi,jr54u8c0s
frseflonxc,y0qlvaecuv
l17kown2pb,2obcfet7rh
kgckrzr3u1,x5mdlmv74f
w3f7qzyutt,678o0krjj0
we38ww7rj4,tnhhog5crz
4omso5u57n,yzuuim45u2
lzd84sl0vz,tzbv2sur5g
4b5td2008l,1fsfry42ds
frseflonxc,g1fmjve428
wy9u4w7uzh,6shq85ekuh
xi97gt9fii,n9efipkdkn
04efd4ezq7,mkzuo34cwh
g3sw2u9v7y,af4cs0m0pf
jiikhsgzdr,ccd2ps8kp5
c9ay5z7smm,nldhdukza2
uukuztudxt,2wtk7yekhp
l1pk7sb8ye,ccd2ps8kp5
maobty2cjk,s93n25x803
pjf8hrttj8,mynn88kgwd
08flytc0yi,siyn2ospjb
v3jtc0gagt,jiede8cu8l
z7nxjt2mc3,jyrjacqdnw
s649s1r7mi,8yqtugmpk3
66chh965gd,jr54u8c0s
0mr4827drf,jyrjacqdnw
y7kwwjp8qd,8ta6rr5e4y
71662qfb3t,y2uye1azhj
wpdp3atefl,8yqtugmpk3
mvszlz673k,z6w4y7h4tt
1z5zp5seno,1fxmlp6se3
v22jv7rdfn,pyf3hqsfoi
88ks97tejt,52flmavmeg
z6kztui54l,0n30m99w8e
zldchtzjv2,wbtbesh3o2
z65sdg2he6,c5m0wvzc7z
14jdid628b,d3xg1exmq3
ysccl96gle,u39ahuwg42
sv74mst7lr,x5mdlmv74f
at9jztv0b1,jyrjacqdnw
auxp05ebew,1p7084n4i1
51vq2ykcki,wb69xcfo7x
gne3nrudy5,siyn2ospjb
zfzn2hmu18,jyfw0ru5ny
qo8qav4f3o,mkzuo34cwh
df8bvu4b9r,cjzxey0xwm
gyac4qv1pc,pyf3hqsfoi
eoxe8vufuw,mynn88kgwd
otuy95r2vl,n9efipkdkn
uk0btxmfbk,nldhdukza2
ipu7di7b6t,jiede8cu8l
0u7nzc0bh2,moepv05jf1
yssq7ie069,1fxmlp6se3
ai6ico8dyp,tnhhog5crz
w91jsy2xc3,gvl1c672ki
9xhk55w6wm,kx2miastvz
a5erelxp25,qro2gp2h49
vtxtll72f3,c42dh0we4f
pf2i0nf1yz,ax0g2r2epm
int5a36w2m,s4wllk18h9
tpmg3ddxf9,e9959lbt32
hq3zt66z4a,y2uye1azhj
chmw0ee2kj,pqxgp0o0aj
6hurdsb9v5,3sfqggdodo
vlq0c8p4jz,6dlnmx4mdo
h5hhjv52yd,sdcu7ttct9
eej9kcfrb5,8yqtugmpk3
d5mu1l7czx,age3ogzlbe
dg2x2rtuee,tnhhog5crz
zh0svqe275,s93n25x803
87fxu4o3vu,8650fgrapm
ayqujm51zt,l4b1loj0fk
zh0svqe275,tp6o12feey
mp44p2d4ux,2nmgmi13bp
jgxm5nuyzn,nldhdukza2
uukuztudxt,mwhw3dfl8o
ui4rb1sytv,hcntgesiy2
5vr5g1uinu,cjzxey0xwm
dq9gufqa5m,qt6oipr7h9
r0o2p8f3kn,x5mdlmv74f
8g18dbir8i,w63986zhlq
9bdi2oty3j,kx2miastvz
k90b4djejk,8650fgrapm
i26r8jq7ga,e9959lbt32
6m7x9ewtdv,8yqtugmpk3
va636udfnk,nldhdukza2
evvcjgnvs7,mkzuo34cwh
2rvfl01ofk,feu6ak9wg2
o8shs24ikc,kyxzh4bwaf
chmw0ee2kj,xyazst1qz8
ke4s7smr1j,qwfcsu593w
qo8qav4f3o,xyazst1qz8
e0emdajdu,hcntgesiy2
uukuztudxt,2kzpblu076
eub4ss8kq8,rofwihnwxp
jt2qk703n3,u39ahuwg42
fv61k3hwej,pqog060c4x
jjn304hdx7,x5mdlmv74f
mk5kv3ihex,1lr1jv7vts
tadpsxzqqp,kx2miastvz
t1yohwyd4k,qt6oipr7h9
r6rmovu20y,kyxzh4bwaf
nawpf9ypf6,ccd2ps8kp5
wxsys9qyzv,ax0g2r2epm
j3omnjh4l8,ccd2ps8kp5
mg690ilkis,g1fmjve428
qmjtchcg3a,9b9r5r9grk
c7lyk2flb1,pqxgp0o0aj
we38ww7rj4,kkqz3ryooz
g7y6ik1nms,7s5gy9jyvr
ftara9kym1,hxc02qfkb6
871b9pzzaf,sdcu7ttct9
4ig2a38h92,c1pdoindlf
r6rmovu20y,ni4skjwm68
rvyanrufap,rofwihnwxp
e6etna66x9,s93n25x803
entuze4v9s,c5m0wvzc7z
6wc1rs1i6w,678o0krjj0
eihc8hpymo,y2uye1azhj
fv61k3hwej,c52pwwjsme
kf87d2c1mm,38nkz3w6mi
wxmqkow1h5,9b9r5r9grk
339tcfyh7a,4x886tp3jy
l82kdugayg,nldhdukza2
dc4dqzlqrm,qro2gp2h49
x7u1onf2tn,8yqtugmpk3
3re6dtvwx8,tnhhog5crz
ch4szzn97r,9b9r5r9grk
s6csykzue5,c1pdoindlf
8mqri51a3z,7s5gy9jyvr
ux79dbalzj,rofwihnwxp
31i0zqzyvq,wbtbesh3o2
7apx766jf4,d3xg1exmq3
3wqo5nv9yr,6dlnmx4mdo
bio8aekd7x,wb69xcfo7x
gt8s0h672t,7s5gy9jyvr
savv3uqtrd,x5mdlmv74f
8rqfg0q7tl,wbtbesh3o2
weskocalsg,boexoh5oaf
k3o2v3qkek,wbtbesh3o2
lzd84sl0vz,c52pwwjsme
61dgs6bfyq,0j133x0w9x
0df3aup8ba,mwhw3dfl8o
byfiv7ccfm,ax0g2r2epm
ak18kdkp4n,jyfw0ru5ny
6ar2pa52n6,ccd2ps8kp5
is3o535cf9,4x886tp3jy
ie52103jdj,wb69xcfo7x
o8shs24ikc,jyfw0ru5ny
6rjna2g3vi,pqxgp0o0aj
71p67ay41n,s93n25x803
uomi4udrip,c52pwwjsme
entuze4v9s,4jg0e46v2y
31i0zqzyvq,c5m0wvzc7z
8kqvnb3tqc,rofwihnwxp
3dgxa3qxbp,qt6oipr7h9
d510n6zneg,hxc02qfkb6
ayqujm51zt,gvl1c672ki
c7lyk2flb1,e2w3m88fg9
rvd4rkew8w,kx2miastvz
0mr4827drf,7s5gy9jyvr
ebuwsnuhn3,e7ud37w0zs
j26p550gm5,1fxmlp6se3
t5p8ghkezz,pqxgp0o0aj
zkya5i2cjo,e9959lbt32
of7ie7ylig,e7ud37w0zs
e7p3te35tv,1fsfry42ds
yssq7ie069,2wtk7yekhp
zn0az0f5uk,s4wllk18h9
yrg5bhxmcb,8rc9pxekme
xldxmn5thq,kx2miastvz
xde8v9wzcl,mkzuo34cwh
v5mvy3opal,pqxgp0o0aj
chmw0ee2kj,e9959lbt32
l6ge68bqpd,0j133x0w9x
eo3ivhy1pp,boexoh5oaf
qoevv4p6cy,ccd2ps8kp5
3zmi9hsfu6,38nkz3w6mi
uukuztudxt,6shq85ekuh
3nqklwyrg8,38nkz3w6mi
mn8tpv9a2b,x5mdlmv74f
f2bb7i48h4,wbtbesh3o2
uew0g0htwn,g65fw2a8yk
4a7hh2uoh0,xyazst1qz8
isuofcisf9,age3ogzlbe
mg690ilkis,qwfcsu593w
1lfwtoaww0,xyazst1qz8
rvyanrufap,6shq85ekuh
dq36qdvqc7,age3ogzlbe
rizhphgh95,52flmavmeg
mvszlz673k,ccd2ps8kp5
qmynqyddod,kkqz3ryooz
xda5lizi9v,5v2vk1hh9v
56i2rck253,8ta6rr5e4y
6wc1rs1i6w,jyrjacqdnw
xhcx6u4lir,e9959lbt32
eub4ss8kq8,03o2gk9vh4
cnhkeqgvqt,y0qlvaecuv
6g7i99q9lr,pyf3hqsfoi
y49deko4d6,jiede8cu8l
fy5tf7gzgf,sdcu7ttct9
g4uqqxytie,7vvtt5kzqf
ftx2535hfs,tp6o12feey
pguua2njww,hxc02qfkb6
6dphj9yiy4,fnf0l0k20d
pvbabxtcsz,jyrjacqdnw
7lqbvukalm,8ta6rr5e4y
oevehh14ja,c42dh0we4f
14pumcxiax,n9efipkdkn
mg690ilkis,e9959lbt32
tpmg3ddxf9,c42dh0we4f
dhhk9r7t20,7s5gy9jyvr
pqih2mhkkt,1lr1jv7vts
wpdp3atefl,d9ns7z7lqy
e7p3te35tv,af4cs0m0pf
3giat1l87m,c5m0wvzc7z
q5xehw3pv3,h1manescm0
0q0u4dyhsl,0j133x0w9x
zkb7gb9078,wb69xcfo7x
tbwpib6go7,e2w3m88fg9
dwga3kpj2f,g1fmjve428
nnq4aqemuo,nldhdukza2
e5t4lg2bxd,c5m0wvzc7z
hdhm9rlwgv,8rc9pxekme
ob5wpowmhl,ni4skjwm68
wfi17qcprp,s4wllk18h9
ms076mp3ct,2wtk7yekhp
ftara9kym1,feu6ak9wg2
c1fclxeh28,8rc9pxekme
7syul8fxe4,4jg0e46v2y
d3j6dwz58i,w63986zhlq
x7nw1traeo,3bwdhthldw
mk5kv3ihex,c1pdoindlf
69du6czp4z,c5m0wvzc7z
1z5zp5seno,feu6ak9wg2
a2i7ggdu2f,3sfqggdodo
axn0ugh8b3,8ta6rr5e4y
ujeq3hxe3p,6dlnmx4mdo
sv74mst7lr,29pmdg7cww
xa2imz4ab0,mkzuo34cwh
hdhm9rlwgv,6shq85ekuh
hni6zgcc3v,9b9r5r9grk
p4sgwdaw43,kyxzh4bwaf
92w2e5sv5y,moepv05jf1
c0id89e8jv,wb69xcfo7x
jcz14r2swx,8q5yhwqu1l
pjf8hrttj8,9b9r5r9grk
5isisrq14z,1fxmlp6se3
qhfoaxamse,pqxgp0o0aj
hfghpzb6ch,9b9r5r9grk
08orc5w4xu,2kzpblu076
egtcbtim0t,8ta6rr5e4y
xq5pvz9llg,e7ud37w0zs
yssq7ie069,pqxgp0o0aj
vlq0c8p4jz,qwfcsu593w
kya9cp1m8g,n9efipkdkn
1x2bri0jjx,6dlnmx4mdo
48txpuo8zq,1p7084n4i1
we38ww7rj4,nldhdukza2
5ynu7ssalv,h1manescm0
ge78d6ic4q,c42dh0we4f
3auiosmsly,8yqtugmpk3
7lqbvukalm,8q5yhwqu1l
gctk3prx3d,xyazst1qz8
a2i7ggdu2f,kx2miastvz
zkya5i2cjo,wb69xcfo7x
6i9av4qx1s,yzuuim45u2
r7p825ipa1,3bwdhthldw
xda5lizi9v,ni4skjwm68
5pp8rner5f,3bwdhthldw
vjq25bjq87,cjzxey0xwm
hvsis99h9c,bpr6x0iegq
ay2a6pz2vq,kyxzh4bwaf
ftx2535hfs,c5m0wvzc7z
ysccl96gle,w63986zhlq
mvszlz673k,d3xg1exmq3
uyp8tzlna0,jyrjacqdnw
ubbi57cln2,d9ns7z7lqy
egtcbtim0t,d9ns7z7lqy
zafey0aw3n,38nkz3w6mi
elks39xgnc,d9ns7z7lqy
pf2i0nf1yz,4x886tp3jy
p4sgwdaw43,c42dh0we4f
uk0btxmfbk,mwhw3dfl8o
glyva3ubpw,n9efipkdkn
ll3dkxwyik,age3ogzlbe
4hsozbgn6w,29pmdg7cww
8g18dbir8i,boexoh5oaf
njown4ia53,wbtbesh3o2
ptzkgmj1zo,hcntgesiy2
nhycdx80wi,sdcu7ttct9
lxsltvr538,0j133x0w9x
sda2ru1zeg,af4cs0m0pf
mv1d7nibb8,8yqtugmpk3
ea7cka5tgp,mkzuo34cwh
0hjaelmvbg,jiede8cu8l
q5xehw3pv3,xyazst1qz8
chxkpygicm,8q5yhwqu1l
keayl9pbpf,y0qlvaecuv
k9bkgdi0o5,s93n25x803
xpmlvmx8pe,boexoh5oaf
4ttuchvjvg,jyfw0ru5ny
jn2nx6g39x,kkqz3ryooz
gmhcwjj42z,kkqz3ryooz
jcz14r2swx,29pmdg7cww
lp41uyh3l9,nldhdukza2
2gi91vnnu4,ni4skjwm68
yrg5bhxmcb,0n30m99w8e
1i8qtcw5mv,s93n25x803
z3rrixat34,y0qlvaecuv
nnq4aqemuo,af4cs0m0pf
hvsis99h9c,e2w3m88fg9
yznpd03rka,ccd2ps8kp5
xie2s44dw3,tnhhog5crz
d437pwj8uy,ax0g2r2epm
3ahqps0ctn,1p7084n4i1
zelf54679o,g1fmjve428
f6ffeyqxmd,boexoh5oaf
rh4bsbih9n,kwniyu07hs
qiszbg3fmk,xyazst1qz8
glyva3ubpw,8650fgrapm
r6f4nty8x3,wb69xcfo7x
edjr4voa6x,gvl1c672ki
pjecofqnx2,52flmavmeg
z3rrixat34,c5m0wvzc7z
w3f7qzyutt,38nkz3w6mi
yptorbe2sk,e9959lbt32
yrg5bhxmcb,e7ud37w0zs
hni6zgcc3v,jyrjacqdnw
lvv9eaypem,5v2vk1hh9v
cgl0wlgsbq,dvbffzpgsh
kxdfoaj621,52flmavmeg
esglxa4hev,2wtk7yekhp
lzd84sl0vz,kwniyu07hs
5ki4an34d2,4x886tp3jy
8mqri51a3z,4x886tp3jy
s6g6zt0qr2,7s5gy9jyvr
as7h9kca53,ni4skjwm68
6i9av4qx1s,g1fmjve428
9nuy7uye0w,pqog060c4x
ddc6r5kczt,kkqz3ryooz
qauxtprm3z,0j133x0w9x
loj4pilyi5,bpr6x0iegq
z6kztui54l,1fxmlp6se3
ttyw5lp67w,9b9r5r9grk
ivhp3ecdte,boexoh5oaf
dhhk9r7t20,1fxmlp6se3
ivhp3ecdte,8ta6rr5e4y
sjma4bw6kh,pyf3hqsfoi
z8es9chno7,c1pdoindlf
xq5pvz9llg,g1fmjve428
lv98rurt6n,7vvtt5kzqf
7i52h9xdg9,c5m0wvzc7z
20p72uav6b,kx2miastvz
975d7cs5u0,c1pdoindlf
sezuv5v8la,6dlnmx4mdo
pvbabxtcsz,jr54u8c0s
loj4pilyi5,qro2gp2h49
rk4bk29jeb,4x886tp3jy
y6iy6jsdqe,s4wllk18h9
8k0vkitmsp,7vvtt5kzqf
9y83y15tjw,678o0krjj0
gmuf9vf0lg,moepv05jf1
bm55yqr83l,x5mdlmv74f
bvvnbfnmf4,mwhw3dfl8o
lb5nbauoxr,jr54u8c0s
h1wr7o92yz,mynn88kgwd
uf3j0t1j8m,boexoh5oaf
e2kca8pcd8,3bwdhthldw
88egzor91u,s93n25x803
o0cnxrih37,38nkz3w6mi
5uzxpiwoyj,3bwdhthldw
871b9pzzaf,hcntgesiy2
072b2qwthg,5v2vk1hh9v
zn0az0f5uk,y2uye1azhj
jet83jcgco,qro2gp2h49
800v28tc3l,03o2gk9vh4
vecn9i77c5,qwfcsu593w
v22jv7rdfn,d9ns7z7lqy
yn3lifb73g,8yqtugmpk3
icgzlf4t05,kx2miastvz
2ywrnk6uvo,1fxmlp6se3
vze02mrazq,hcntgesiy2
f6ffeyqxmd,tzbv2sur5g
t5r93i43sr,kkqz3ryooz
dfg8wx9klz,qwfcsu593w
8pbuflepvu,tp6o12feey
jw0oe238r9,u39ahuwg42
tcwj8jmt0g,e7ud37w0zs
4qftkm5e87,c42dh0we4f
at48z9d37h,2obcfet7rh
08flytc0yi,ccd2ps8kp5
veggtjqzil,1fsfry42ds
n8d3ybwzqs,wb69xcfo7x
wi9ey9rtcx,9b9r5r9grk
9n2rmsmz15,e7ud37w0zs
wfi17qcprp,8ta6rr5e4y
e0emdajdu,yzuuim45u2
asgbj9izku,c42dh0we4f
gzmj7tc7y7,pqog060c4x
ef51uak55a,8650fgrapm
svglbx1yw9,xyazst1qz8
c68axmbc0w,gvl1c672ki
8kqvnb3tqc,tzbv2sur5g
25as5zxbem,ni4skjwm68
0q0u4dyhsl,c52pwwjsme
ck2faowwry,c1pdoindlf
imoyje1cf,4jg0e46v2y
t4eficzk6t,qro2gp2h49
j8pp36fm7n,8650fgrapm
l6ge68bqpd,5v2vk1hh9v
x86fo4r8h4,0n30m99w8e
rp4x1kzjpp,dvbffzpgsh
gb0am3c29g,pqxgp0o0aj
q5drphaoqh,zcv2sfy6d9
1z5zp5seno,c52pwwjsme
ufc73e3df8,jyfw0ru5ny
dq9gufqa5m,qro2gp2h49
dhhk9r7t20,ax0g2r2epm
a1pk37lj1h,rofwihnwxp
qpwybak3i0,ccd2ps8kp5
9n2rmsmz15,38nkz3w6mi
4swxt7ha5e,jiede8cu8l
9n7xil6593,9b9r5r9grk
w3f7qzyutt,6shq85ekuh
774uw4bp3h,3sfqggdodo
jcz14r2swx,s93n25x803
7zyvafjcm3,8yqtugmpk3
b9pe9vg6r9,1fsfry42ds
blp0iefx38,jiede8cu8l
3qtyx46eet,sdcu7ttct9
r6ns1z6v7x,ccd2ps8kp5
92w2e5sv5y,2wtk7yekhp
ulpvgbbz3j,0j133x0w9x
llwdzggvlo,5v2vk1hh9v
qt4y4q1rzq,1p7084n4i1
jtm1pr8diz,c42dh0we4f
8m79xm2gq1,0n30m99w8e
6m7x9ewtdv,e7ud37w0zs
kf87d2c1mm,kkqz3ryooz
5xprmfevln,kwniyu07hs
f83fdic6mb,2kzpblu076
iab8gmc9j2,s93n25x803
mp44p2d4ux,age3ogzlbe
8k0vkitmsp,y2uye1azhj
rvyanrufap,d3xg1exmq3
fwmgcl1n8o,9b9r5r9grk
to2z6vfoym,3bwdhthldw
naot9qy7t8,5v2vk1hh9v
i26r8jq7ga,7s5gy9jyvr
evmzbehxdp,y2uye1azhj
rj0v475xzs,qwfcsu593w
gv6qp6mxvn,s93n25x803
zsl8qsw2n6,wbtbesh3o2
ea7cka5tgp,pqog060c4x
ak6shli7nj,qro2gp2h49
x86fo4r8h4,fnf0l0k20d
3ve64b7y9y,fnf0l0k20d
z3rrixat34,siyn2ospjb
2cd963upep,s4wllk18h9
zug2rz3rta,22bkdo0tvd
hyoa0ngyr6,xyazst1qz8
61ce9mud9n,6shq85ekuh
xhcx6u4lir,8q5yhwqu1l
6pvhqsbbbv,pyf3hqsfoi
ouhrttlkne,mkzuo34cwh
7dzkii5dco,c42dh0we4f
pgt5jkzk8c,29pmdg7cww
49km4jao95,ni4skjwm68
1ric7sy8bp,qwfcsu593w
prryllzsok,8q5yhwqu1l
f6ffeyqxmd,siyn2ospjb
hdhm9rlwgv,hxc02qfkb6
weskocalsg,tzbv2sur5g
j4v0hrfpiy,age3ogzlbe
cjc4r404zl,e2w3m88fg9
z79rrud6lp,1lr1jv7vts
wopo5jl06q,22bkdo0tvd
entuze4v9s,8ta6rr5e4y
6x2vrc023k,ax0g2r2epm
iy4yd84tcm,y0qlvaecuv
pcn78vslam,jiede8cu8l
dpit60zqzw,8q5yhwqu1l
az89tbftyv,8rc9pxekme
v6fa8zp7ni,c52pwwjsme
keayl9pbpf,d3xg1exmq3
8k0vkitmsp,e7ud37w0zs
lxsltvr538,siyn2ospjb
djpxdgpfhs,c5m0wvzc7z
rvyanrufap,7vvtt5kzqf
z5p88cz9pi,h1manescm0
4qftkm5e87,x5mdlmv74f
oot4s0lrl3,siyn2ospjb
062gfqtl2x,nldhdukza2
es5mmv3kff,2nmgmi13bp
xil8843pnc,xyazst1qz8
gmhcwjj42z,2wtk7yekhp
1x2bri0jjx,1lr1jv7vts
ohlbi061ax,tp6o12feey
4kexfaccij,tzbv2sur5g
2znzg9e82m,e9959lbt32
9i7yamofxu,qt6oipr7h9
swa4mruz7y,jiede8cu8l
isg99tp86t,u39ahuwg42
ak6shli7nj,e9959lbt32
8d6z4u0duq,mkzuo34cwh
pix114h9sc,c42dh0we4f
0eahv0x986,hcntgesiy2
o8shs24ikc,siyn2ospjb
fwmgcl1n8o,ccd2ps8kp5
makpv530gs,kyxzh4bwaf
0eahv0x986,0j133x0w9x
51vq2ykcki,qwfcsu593w
c1yr3q63yv,hcntgesiy2
0eahv0x986,y0qlvaecuv
dq36qdvqc7,d3xg1exmq3
naot9qy7t8,fnf0l0k20d
h2oobswirh,4jg0e46v2y
hni6zgcc3v,mkzuo34cwh
yrai3d1cg8,moepv05jf1
nofncqnnwq,jiede8cu8l
afvqi34q68,38nkz3w6mi
m685tkmu3x,jiede8cu8l
i68xn9o7wy,ax0g2r2epm
yldlz3jq3z,qwfcsu593w
siyfn0i13c,boexoh5oaf
xjclbi8xsi,c5m0wvzc7z
h54tdhf8aa,29pmdg7cww
3qtyx46eet,wb69xcfo7x
to2z6vfoym,93xwv4v8m5
t9ke2v0hns,lkcr80ipuh
ptzkgmj1zo,qwfcsu593w
dwga3kpj2f,xyazst1qz8
gj85altu23,g1fmjve428
k3pbr3ldt4,8q5yhwqu1l
9c0w2i73x7,mynn88kgwd
bwvestxuul,w63986zhlq
ped54f2jc9,2nmgmi13bp
0eahv0x986,zcv2sfy6d9
ih15posgtx,zcv2sfy6d9
gr3bes12ga,xyazst1qz8
diqg02ji7w,52flmavmeg
2k49e9jz9d,boexoh5oaf
48smw4pnm7,93xwv4v8m5
qt4y4q1rzq,wb69xcfo7x
djpxdgpfhs,e9959lbt32
dwga3kpj2f,s93n25x803
n6zt0ij7nf,yzuuim45u2
int5a36w2m,3sfqggdodo
v22jv7rdfn,s93n25x803
y5jaect4my,siyn2ospjb
j36vzyaa10,wbtbesh3o2
2rvfl01ofk,hxc02qfkb6
lv98rurt6n,g65fw2a8yk
swa4mruz7y,siyn2ospjb
ld6fm5liw1,kkqz3ryooz
keayl9pbpf,52flmavmeg
c1fclxeh28,dvbffzpgsh
asrp5hx0u9,2nmgmi13bp
gmuf9vf0lg,8650fgrapm
cnwd37wkwv,3sfqggdodo
5pp8rner5f,tnhhog5crz
q5xehw3pv3,age3ogzlbe
6hurdsb9v5,qro2gp2h49
ak6shli7nj,sdcu7ttct9
fvl96ee5hi,qro2gp2h49
zfzn2hmu18,2obcfet7rh
u51l9ht0cx,rofwihnwxp
ij1q26f43e,8650fgrapm
xrp7ncyrd3,s4wllk18h9
n0f9h5wx34,hxc02qfkb6
mxp1178suw,l4b1loj0fk
7syul8fxe4,u39ahuwg42
0500waeotc,af4cs0m0pf
ncqiis5mjs,jyrjacqdnw
maobty2cjk,1p7084n4i1
08flytc0yi,7vvtt5kzqf
w91jsy2xc3,8rc9pxekme
sdfxh2vvd6,jyfw0ru5ny
1jvb7mj435,pqxgp0o0aj
kczi6znh8j,jyfw0ru5ny
rfoc9obsrd,kyxzh4bwaf
60x9onijql,1fsfry42ds
uxrr1wlcnt,22bkdo0tvd
2bz40mripo,1lr1jv7vts
ft0whjo2yt,qt6oipr7h9
01bfhpqsh8,wb69xcfo7x
nytmpbadjq,hxc02qfkb6
icgzlf4t05,d9ns7z7lqy
nnq4aqemuo,0n30m99w8e
jz9f20pwik,n9efipkdkn
3zmi9hsfu6,cjzxey0xwm
3ff4iw7h5c,lkcr80ipuh
gx49mr8toy,rofwihnwxp
mxp1178suw,2wtk7yekhp
gj85altu23,c1pdoindlf
4a7hh2uoh0,0n30m99w8e
ay57cfqaph,tnhhog5crz
kya9cp1m8g,8rc9pxekme
ay57cfqaph,6shq85ekuh
8cpfp3hxva,22bkdo0tvd
nofncqnnwq,2kzpblu076
va636udfnk,pyf3hqsfoi
zdt8skij1a,d3xg1exmq3
xda5lizi9v,x5mdlmv74f
0zl4bqe639,s4wllk18h9
064am8f7xf,kwniyu07hs
6i9av4qx1s,2wtk7yekhp
gr3bes12ga,ccd2ps8kp5
ttyw5lp67w,0n30m99w8e
jg7t7phql8,hcntgesiy2
jgxm5nuyzn,hcntgesiy2
yptlreqd1t,c52pwwjsme
jjeyw4gruy,xyazst1qz8
20p72uav6b,3sfqggdodo
tyb9gkztub,3sfqggdodo
oje6no1xjy,kyxzh4bwaf
bwr7n4lpuw,0j133x0w9x
zn0az0f5uk,l4b1loj0fk
r6rmovu20y,g65fw2a8yk
6bw7u24c5r,n9efipkdkn
jcc3dsg510,s93n25x803
h25nkb56a6,jyrjacqdnw
ocl43egp6w,y0qlvaecuv
hq3zt66z4a,mynn88kgwd
uew0g0htwn,lkcr80ipuh
8m79xm2gq1,kx2miastvz
s8nmwcqek3,g1fmjve428
ad8h15o24s,ax0g2r2epm
esglxa4hev,bpr6x0iegq
hoiqgkgody,lkcr80ipuh
6wc1rs1i6w,y2uye1azhj
icgzlf4t05,y2uye1azhj
ehfthb34pt,af4cs0m0pf
d2g57eznod,jyfw0ru5ny
cnnb4fdxfk,hcntgesiy2
g1z86ejowo,03o2gk9vh4
2rvfl01ofk,n9efipkdkn
n8owmpwuko,c1pdoindlf
0q3ulvysws,d3xg1exmq3
i2ga69mkyv,gvl1c672ki
hn960y9sux,qro2gp2h49
oj3nf0snyu,tzbv2sur5g
s8nmwcqek3,xyazst1qz8
m1cgc2tceb,4x886tp3jy
n0f9h5wx34,wb69xcfo7x
otuy95r2vl,y0qlvaecuv
ocl43egp6w,rofwihnwxp
hvziwxyfj4,qwfcsu593w
ch4szzn97r,93xwv4v8m5
51c13s3noa,d3xg1exmq3
xbhx140j85,z6w4y7h4tt
y49qimhnx4,3bwdhthldw
g1z86ejowo,7s5gy9jyvr
j36vzyaa10,dvbffzpgsh
047hwu5d7j,2obcfet7rh
evvcjgnvs7,2nmgmi13bp
ped54f2jc9,c5m0wvzc7z
3nkrx12yt4,kkqz3ryooz
m2gasqysqs,jyrjacqdnw
bwr7n4lpuw,g65fw2a8yk
n8d3ybwzqs,ax0g2r2epm
wt6giafs97,29pmdg7cww
7dzkii5dco,7vvtt5kzqf
evmzbehxdp,2nmgmi13bp
ef51uak55a,d9ns7z7lqy
xtraadqrpu,sdcu7ttct9
k3o2v3qkek,g1fmjve428
e8121sxop0,qwfcsu593w
xil8843pnc,age3ogzlbe
auxp05ebew,pqxgp0o0aj
uhkizpih5s,y0qlvaecuv
ay2a6pz2vq,4x886tp3jy
ayqfxybn78,u39ahuwg42
fqpndo3w72,29pmdg7cww
68iqukmw1b,g1fmjve428
e7p3te35tv,d9ns7z7lqy
7v0btujlfo,wb69xcfo7x
9295z5pk5j,2obcfet7rh
mx349neyfe,pyf3hqsfoi
ggvxp3i0cv,wb69xcfo7x
ckzqii5dyf,jr54u8c0s
lv98rurt6n,bpr6x0iegq
twgdy1d6hx,e2w3m88fg9
nfpf0ycwuq,jr54u8c0s
k3pbr3ldt4,2nmgmi13bp
q9uq2aa46y,s4wllk18h9
ksd6weeqz2,29pmdg7cww
uuhvzx3ek4,d9ns7z7lqy
tf2qufgxu5,d3xg1exmq3
fimt9pa779,c5m0wvzc7z
mivgimslb8,3sfqggdodo
kczi6znh8j,3sfqggdodo
6blp50i98n,hcntgesiy2
ea7cka5tgp,2nmgmi13bp
92w2e5sv5y,cjzxey0xwm
kczi6znh8j,qt6oipr7h9
rj0v475xzs,kyxzh4bwaf
u4ahrd0qb7,7s5gy9jyvr
l9utd3qg2o,kx2miastvz
t6x27ol59e,0j133x0w9x
or4mji7mp1,l4b1loj0fk
ysccl96gle,8rc9pxekme
ohlbi061ax,9b9r5r9grk
rltefvb28y,2wtk7yekhp
ulpvgbbz3j,c52pwwjsme
06gdpikxx5,4jg0e46v2y
a2i7ggdu2f,678o0krjj0
sv74mst7lr,8yqtugmpk3
t5r93i43sr,zcv2sfy6d9
t4eficzk6t,pqxgp0o0aj
dc4dqzlqrm,8yqtugmpk3
5ngvnqxfvy,6dlnmx4mdo
06k8k8mkgv,z6w4y7h4tt
szpprspd57,d3xg1exmq3
is3o535cf9,5v2vk1hh9v
ahc6dhgf0c,2nmgmi13bp
qo8qav4f3o,c5m0wvzc7z
e8121sxop0,1lr1jv7vts
3xvite4cfe,d3xg1exmq3
gj85altu23,93xwv4v8m5
mivgimslb8,1p7084n4i1
ms076mp3ct,age3ogzlbe
774uw4bp3h,d9ns7z7lqy
smr2dtuhca,mynn88kgwd
cgl0wlgsbq,52flmavmeg
6x2vrc023k,tnhhog5crz
zldchtzjv2,qwfcsu593w
ai6ico8dyp,9b9r5r9grk
d5mu1l7czx,1fsfry42ds
fy5tf7gzgf,u39ahuwg42
0l1jel5p3g,cjzxey0xwm
i65mjaiwtw,8q5yhwqu1l
ml86m3gwwr,nldhdukza2
6pvhqsbbbv,2obcfet7rh
1o9zcvjhcg,tnhhog5crz
keayl9pbpf,wb69xcfo7x
zkb7gb9078,z6w4y7h4tt
s9zp8sdlnn,jiede8cu8l
a27c1zc5vl,dvbffzpgsh
n8d3ybwzqs,0n30m99w8e
15kcp6z7qa,8rc9pxekme
