256,siyfn0i13c
426,0q3ulvysws
236,efkfv88gb6
977,kgckrzr3u1
926,vecn9i77c5
835,jwpnk5x2ws
225,dq36qdvqc7
149,w91jsy2xc3
50,xda5lizi9v
388,9i7yamofxu
18,qoevv4p6cy
821,ef51uak55a
531,pqih2mhkkt
652,ophdkfz7bg
598,d437pwj8uy
848,m1139ovi2v
229,qo8qav4f3o
307,edjr4voa6x
823,ad8h15o24s
107,xpmlvmx8pe
515,cy22poqa2f
383,loj4pilyi5
347,qhfoaxamse
332,ym30x0fk0m
406,dwga3kpj2f
435,jg0fd7sskf
835,yrai3d1cg8
528,c1fclxeh28
515,06k8k8mkgv
363,t4eficzk6t
997,e2kca8pcd8
132,xldxmn5thq
441,xrp7ncyrd3
551,jz9f20pwik
640,m2gasqysqs
676,er8fa05x9a
831,yznpd03rka
691,av37yqpj3i
711,hni6zgcc3v
42,9n7xil6593
813,wxsys9qyzv
722,3hr27zfryh
457,14rwmddm3z
997,glyva3ubpw
524,dpit60zqzw
704,sb5h3wnljo
784,zldchtzjv2
752,txuh2pw0lp
669,xawd3bgljn
375,i26r8jq7ga
464,m3a8vnx71x
457,q9uq2aa46y
481,46fluem04r
60,6i9av4qx1s
262,4qftkm5e87
159,1ric7sy8bp
188,1vmch12lo9
701,66chh965gd
20,qgo8dl8yti
327,bwr7n4lpuw
953,t1yohwyd4k
833,sezuv5v8la
541,6dphj9yiy4
774,4a7hh2uoh0
929,hq3zt66z4a
693,l1arc7ubea
336,tlt1ikyvsg
912,975d7cs5u0
457,3wqo5nv9yr
426,cnwd37wkwv
946,0l1jel5p3g
661,cjc4r404zl
754,r00wl84v1o
742,mk5kv3ihex
410,vjh6p79pe2
398,ttyw5lp67w
533,t5p8ghkezz
374,s6g6zt0qr2
763,1jvb7mj435
708,yfiv4j9lhs
921,0eu0ta077b
841,66chh965gd
938,t9ke2v0hns
731,92w2e5sv5y
160,6hurdsb9v5
530,c0id89e8jv
176,iqrfwbxg4h
343,pf2i0nf1yz
49,yn3lifb73g
37,8d6z4u0duq
738,elks39xgnc
436,nftw9c92ce
781,uk7tx195k5
40,g1z86ejowo
360,iab8gmc9j2
787,uyp8tzlna0
715,pgt5jkzk8c
147,pfsqolep38
349,t5p8ghkezz
802,sdfxh2vvd6
321,zfpk1gb3zz
824,ak18kdkp4n
631,pvbabxtcsz
796,8mqri51a3z
726,xldxmn5thq
181,7fwdq4n8m1
952,kl06pt8xe1
362,txuh2pw0lp
750,ymxj2viyq5
290,g7y6ik1nms
651,x86fo4r8h4
335,qauxtprm3z
233,pe5vaqs8md
542,ahc6dhgf0c
466,pjecofqnx2
118,z6kztui54l
551,omay03ke9t
574,49km4jao95
165,vlq0c8p4jz
591,vhf28b9sy9
765,w5gj2r6jbf
501,smr2dtuhca
968,ux79dbalzj
862,14rwmddm3z
735,hq3zt66z4a
791,ze4m8uryjy
460,qemzgqphms
761,yrvafpeuok
736,gyac4qv1pc
700,exsrl0593s
395,jcc3dsg510
702,jr759xom66
716,uukuztudxt
885,maobty2cjk
94,svglbx1yw9
704,6x2vrc023k
846,ox6yjwh3qt
322,sm1pjqssf3
563,pxx4yvjo49
418,3u29k62z97
887,ylwfk43vbo
585,ggs2kx10pf
887,3hr27zfryh
656,lvv9eaypem
600,at9jztv0b1
915,uxrr1wlcnt
713,56cjwzv4p8
607,3xgl8yzy28
371,pqih2mhkkt
502,bm55yqr83l
790,5h8wnmaui5
795,sv74mst7lr
271,e4mp3ugi7e
562,g7y6ik1nms
652,5xprmfevln
157,m5mhqwlwiw
122,maqdtv16i9
663,ld6fm5liw1
962,b9pe9vg6r9
828,wxmqkow1h5
308,m98kromnvd
948,9n393ap6pe
502,6i0d4uofsn
315,xie2s44dw3
258,hkpu92p341
943,j36vzyaa10
673,r3tbw84gvf
752,jn2nx6g39x
365,4ovgp6p1cp
999,yptlreqd1t
241,lsh4cbd6dh
145,9i7yamofxu
716,rp4x1kzjpp
486,x7u1onf2tn
673,n8d3ybwzqs
30,5xprmfevln
583,rizhphgh95
640,xq5pvz9llg
243,qmynqyddod
928,h1wr7o92yz
495,dq9gufqa5m
83,lx7ypyjndy
91,9c0w2i73x7
217,7i52h9xdg9
50,5rqgnzrlhz
297,qt4y4q1rzq
286,wicn3csjem
788,gzmj7tc7y7
732,6m7x9ewtdv
703,4qftkm5e87
515,92w2e5sv5y
88,kziv806tx1
947,az89tbftyv
765,int5a36w2m
662,jtm1pr8diz
186,5kwpzuwehh
72,bwr7n4lpuw
283,8mqri51a3z
966,dmcfhkkgx5
856,or4mji7mp1
205,o3lbyl5leq
875,8rqfg0q7tl
634,q9uq2aa46y
910,pxx4yvjo49
30,pe5vaqs8md
496,7i52h9xdg9
968,zldchtzjv2
450,2bt1einktl
189,ibli99g3pw
298,sm1pjqssf3
586,wx6zwivdir
715,syi6fk7ibk
687,r00wl84v1o
187,82t5gzdsjk
164,urczliagr2
355,49km4jao95
375,44ikuv2tkw
463,mhecve2vw2
784,gmuf9vf0lg
570,6h8a5pu4zz
831,4ay0961xx1
392,ay57cfqaph
47,yptorbe2sk
734,2cd963upep
567,ms076mp3ct
692,qfft4214qb
266,er8fa05x9a
255,j7jlx5vp6f
30,tijn4zov8
526,vjh6p79pe2
664,gt8s0h672t
955,73moi9clyo
791,ouhrttlkne
663,nh9ytvjgjr
116,1ric7sy8bp
710,c1bg1xruk7
473,ayqfxybn78
921,hnwm83jwyz
520,2rfw3b7l5h
586,6i0d4uofsn
942,wtn7nwjkrz
681,gr3bes12ga
432,iqrfwbxg4h
638,pyioddpscx
742,k3pbr3ldt4
930,10sxcichy3
615,asgbj9izku
929,8kqvnb3tqc
250,oot4s0lrl3
363,ll3dkxwyik
462,ahbhbam433
281,qeg02y56ba
782,8g18dbir8i
853,gh8a6nze98
745,d437pwj8uy
71,isuofcisf9
948,kxdfoaj621
730,46oauo2sdb
209,uzfdq9dbfb
357,o2a593affr
283,6vwja5jpv6
921,kg6q127lvl
298,gb0am3c29g
720,gxgiw3p6mt
237,339tcfyh7a
687,8d6z4u0duq
528,pqih2mhkkt
161,bupzyslzmx
56,oa8vp6bn8g
457,m3a8vnx71x
295,179ocyip9l
463,h2oobswirh
642,kgckrzr3u1
117,nqorkujvs7
472,uyp8tzlna0
103,0otnp9vdto
230,nnq4aqemuo
783,3ahqps0ctn
850,qmjtchcg3a
918,qb5xqgxm41
127,2cd963upep
519,o3lbyl5leq
180,mfx3e4e8d5
935,cmftdd6qsy
464,5kwpzuwehh
540,2gi91vnnu4
8,06gdpikxx5
150,jw0oe238r9
178,4c7l1pptq6
161,vfpx50p59c
794,j26p550gm5
599,ze4m8uryjy
61,jw0oe238r9
176,6m7x9ewtdv
960,wxsys9qyzv
16,pfsqolep38
738,6x1wke407k
394,qb5xqgxm41
8,qhfoaxamse
11,c1yr3q63yv
609,peo2sivfsp
897,8kqvnb3tqc
35,3zhrm65767
978,h8wjur2oz4
603,y5jaect4my
742,eoxe8vufuw
27,cf2u9lpbot
225,7v1vssc6wc
86,062gfqtl2x
455,xvqfza4u6c
833,lb5nbauoxr
498,v3jtc0gagt
994,pjecofqnx2
427,jg7t7phql8
489,61ce9mud9n
503,gk4cxpc928
753,e4ncslwlmq
812,ge78d6ic4q
872,kgckrzr3u1
144,h1wr7o92yz
29,sda2ru1zeg
980,sm1pjqssf3
726,byfiv7ccfm
14,tyb9gkztub
800,35rar5ds1t
818,eej9kcfrb5
47,4wequc4i3z
799,v8xxiehsta
911,e6etna66x9
120,mx349neyfe
755,68iqukmw1b
893,oypl2h3n2k
198,hvsis99h9c
659,ggs2kx10pf
623,dg2x2rtuee
904,sjma4bw6kh
212,y5jaect4my
816,z5p88cz9pi
630,pvbabxtcsz
492,xobjf424e3
303,0hjaelmvbg
271,h5hhjv52yd
356,ibli99g3pw
751,1z5zp5seno
127,ht5wq7zt2j
572,hvziwxyfj4
858,9n2rmsmz15
698,djpxdgpfhs
17,0q3ulvysws
666,fv61k3hwej
686,j26p550gm5
816,1lfwtoaww0
672,rfoc9obsrd
708,dc4dqzlqrm
89,ml86m3gwwr
135,y5jaect4my
555,hyoa0ngyr6
221,8g18dbir8i
397,qo8qav4f3o
470,q5drphaoqh
171,wopo5jl06q
153,cy22poqa2f
932,pazxa9145o
429,t69e9ddgl1
34,y5tsj1iddl
513,vw797zsxwj
4,mk5kv3ihex
272,6x2vrc023k
123,1zrcgv4rb8
572,2we006j51q
734,hfghpzb6ch
855,8f17wnmui8
322,9b0hwy601x
91,km5xq9osgc
840,0532wq4cme
841,er8fa05x9a
713,dgh7stoqcx
733,8f17wnmui8
618,zdhp56t338
338,veggtjqzil
2,51c13s3noa
912,510xn4rarr
676,xbe0s9iyft
993,bio8aekd7x
445,5pp8rner5f
837,iy4yd84tcm
979,4pv6ko190u
345,yvfd81csw7
905,9b0hwy601x
993,rvd4rkew8w
326,kxdfoaj621
995,galapalkfn
213,siyfn0i13c
992,66chh965gd
808,f2bb7i48h4
834,m685tkmu3x
19,k3o2v3qkek
666,3xgl8yzy28
324,a4jcmqjnj2
964,m1cgc2tceb
773,z3rrixat34
207,imoyje1cf
279,ukgdsafm95
432,i2ga69mkyv
908,73moi9clyo
150,vecn9i77c5
821,5vr5g1uinu
272,3yjidfxd1y
126,cy22poqa2f
468,0zl4bqe639
636,9by5ywtha2
502,a92d13bvnp
881,jjeyw4gruy
997,gj85altu23
347,ftara9kym1
992,3u29k62z97
820,xvqfza4u6c
509,15kcp6z7qa
41,8ybzx3qm1f
582,swa4mruz7y
667,3nkrx12yt4
894,6h8a5pu4zz
423,510xn4rarr
625,9lma7r78ze
55,0eqwf9mhwb
532,lb5nbauoxr
776,w3f7qzyutt
211,04efd4ezq7
918,ox6yjwh3qt
574,ayqfxybn78
987,mp44p2d4ux
817,hn960y9sux
716,ddc6r5kczt
45,sezuv5v8la
707,z3rrixat34
189,4ovgp6p1cp
118,f83fdic6mb
809,dfg8wx9klz
861,3yjidfxd1y
155,v4xr8lz9xu
77,lsh4cbd6dh
592,6ar2pa52n6
556,oypl2h3n2k
719,agkcoy5su9
443,5k939h4900
746,orku96x74w
148,2k49e9jz9d
378,ckzqii5dyf
819,8qr7h7k5jg
306,ardagpy7es
431,zug2rz3rta
755,rizhphgh95
542,3u29k62z97
42,gctk3prx3d
334,ouhrttlkne
162,xi97gt9fii
116,h5hhjv52yd
12,qeg02y56ba
562,6l9oy5v0hr
772,8ybzx3qm1f
464,d2g57eznod
555,g7y6ik1nms
101,3zhrm65767
505,vhf28b9sy9
179,fqpndo3w72
697,mktcdi6om5
410,1ric7sy8bp
971,s1plcqnp5r
870,ukgdsafm95
261,ld6fm5liw1
800,gj85altu23
97,uxrr1wlcnt
497,loj4pilyi5
732,b4zdoivrgh
395,ipu7di7b6t
457,y49qimhnx4
668,61pibyipfk
565,5uzxpiwoyj
811,kcr08smw76
673,5zn5nnetc8
100,ardagpy7es
981,pf2i0nf1yz
362,pfsqolep38
203,rktvnhkoqz
523,10sxcichy3
710,js4xwyr62m
423,84ll5805nx
764,ggs2kx10pf
474,bm961lzo3f
524,fv61k3hwej
300,ae3caydx55
209,m5mhqwlwiw
693,l1pk7sb8ye
381,qjemsahqjw
604,covjs11s97
976,51c13s3noa
827,ophdkfz7bg
993,iab8gmc9j2
849,bupzyslzmx
791,t8exogi8kh
339,jppznzz5yg
63,j36vzyaa10
451,lfwjayz33u
241,q5xehw3pv3
750,crgkix05rc
89,tadpsxzqqp
411,xb6tncb2l3
880,az89tbftyv
169,jqxlqker3m
987,m685tkmu3x
86,83jzjmqpmu
107,yv0ww21i3f
670,qptz094aee
470,x3rxutim2y
23,61ce9mud9n
915,ai6ico8dyp
296,gv6qp6mxvn
24,2rfw3b7l5h
398,jyo9m11ph8
960,svglbx1yw9
786,wy9u4w7uzh
356,07i9kzvfwi
918,maqdtv16i9
889,xvujhr2euv
444,a2i7ggdu2f
506,5h8wnmaui5
675,bwr7n4lpuw
678,h25nkb56a6
240,tbwpib6go7
702,pguua2njww
184,k3pbr3ldt4
839,z79rrud6lp
439,rizhphgh95
313,xvujhr2euv
306,yjtzjxcci8
45,y49deko4d6
490,frseflonxc
758,4b5td2008l
625,s8nmwcqek3
728,l61mixeja8
485,ysccl96gle
329,ychqch8ug1
326,3xgl8yzy28
244,0eu0ta077b
652,pqih2mhkkt
532,rp4x1kzjpp
264,chmw0ee2kj
882,gk4cxpc928
423,xnbk907zoj
528,ai6ico8dyp
776,vfcdnrj6vy
631,h8wjur2oz4
86,072b2qwthg
104,o2ncw03tau
450,nhycdx80wi
892,0eahv0x986
129,01bfhpqsh8
626,wr6dqdu43u
506,wxsys9qyzv
950,o4tb3459gp
43,jqwwwbzauk
395,axn0ugh8b3
268,06k8k8mkgv
851,mxp1178suw
338,h25nkb56a6
78,9nuy7uye0w
836,qauxtprm3z
819,l17kown2pb
523,z65sdg2he6
4,9by5ywtha2
589,062gfqtl2x
397,u09fzop3b4
379,kjgiax7foa
128,sjveab0yzd
855,i2ga69mkyv
715,amfij8u3c7
558,7wob5na49f
944,3zhrm65767
483,8d6z4u0duq
530,vqd4991asb
793,ae3caydx55
731,g2vf5w5j1u
841,ai6ico8dyp
721,3yzuctj9fa
808,4fanpuwpd6
461,az89tbftyv
992,x3rxutim2y
550,dhhk9r7t20
291,l7toip4zt4
222,4ttuchvjvg
25,o2a593affr
579,ek83r23nqc
621,072b2qwthg
188,crgkix05rc
850,e38id82slx
612,b9pe9vg6r9
584,iz027dq2r8
804,2k49e9jz9d
358,xq5pvz9llg
439,i68xn9o7wy
589,96ec94vrx7
822,j3omnjh4l8
303,7syul8fxe4
558,d2qglm58x1
282,s1tnba1oka
647,9b0hwy601x
870,sda2ru1zeg
603,l8olilswkm
799,v3jtc0gagt
254,4a7hh2uoh0
355,wfi17qcprp
689,cy22poqa2f
684,f83fdic6mb
447,l7toip4zt4
225,fqpndo3w72
976,bupzyslzmx
465,udsglwhxay
756,qjon11gdyy
972,g2hl7dxoaj
480,zug2rz3rta
63,cy22poqa2f
551,w5gj2r6jbf
292,vtlf4m4b93
300,1hluub6rq2
958,gz2bvgckpa
38,9n393ap6pe
292,rktvnhkoqz
2,o2a593affr
766,pe5vaqs8md
701,49km4jao95
504,a2i7ggdu2f
808,rk4bk29jeb
69,oburtjhvmg
150,is3o535cf9
76,rj0v475xzs
329,cnhkeqgvqt
368,mk5kv3ihex
546,m685tkmu3x
36,ddc6r5kczt
607,u4x1v62ee8
868,fentzxg8rf
668,kgckrzr3u1
860,062gfqtl2x
656,48txpuo8zq
156,xde8v9wzcl
82,774uw4bp3h
662,6rjna2g3vi
895,xnbk907zoj
879,1x2bri0jjx
892,vjq25bjq87
78,5rqgnzrlhz
886,h8wjur2oz4
981,2znzg9e82m
87,ftx2535hfs
150,7y9zk2kik9
990,oypl2h3n2k
502,ek83r23nqc
851,qo8qav4f3o
84,5zn5nnetc8
575,7i52h9xdg9
685,efid2u0ipx
683,d510n6zneg
646,n6zt0ij7nf
408,0mr4827drf
152,6mqm09x18v
847,e6etna66x9
759,isuofcisf9
672,wicn3csjem
406,zmddrqar3o
251,ek83r23nqc
17,0eqwf9mhwb
789,wy9u4w7uzh
885,jt2qk703n3
586,rvd4rkew8w
973,fqpndo3w72
634,0df3aup8ba
330,eihc8hpymo
139,y49deko4d6
826,at9jztv0b1
398,20p72uav6b
657,hvsis99h9c
763,pvbabxtcsz
460,vim0i6iksl
0,w91jsy2xc3
812,n8owmpwuko
383,gmhcwjj42z
912,lxsltvr538
969,871b9pzzaf
966,dgh7stoqcx
206,unmi6kby05
884,t1yohwyd4k
986,ped54f2jc9
860,r7p825ipa1
850,871b9pzzaf
534,btiwtfux6t
284,ewmg3u4x2h
167,ewmg3u4x2h
425,mp44p2d4ux
490,60x9onijql
547,jgxm5nuyzn
550,9n2rmsmz15
736,3dgxa3qxbp
320,9xhk55w6wm
742,tlt1ikyvsg
956,dufebv0mql
387,ob5wpowmhl
169,pxx4yvjo49
852,cmftdd6qsy
438,ncqiis5mjs
404,jcc3dsg510
158,19xivdnn41
204,fs8jgwtv8r
953,8f17wnmui8
764,1xeteq3z25
10,3u29k62z97
314,rvd4rkew8w
229,keg8btbeht
199,q7cjgjv7l5
137,8kqvnb3tqc
410,y0s6gn6g56
755,l3mykweusa
961,7wob5na49f
22,v3jtc0gagt
707,4kexfaccij
736,qjemsahqjw
211,fqpndo3w72
907,wfi17qcprp
611,edjr4voa6x
67,xnbk907zoj
151,e8121sxop0
747,xa2imz4ab0
329,e8121sxop0
612,yrvafpeuok
180,hni6zgcc3v
643,1o9zcvjhcg
682,t5p8ghkezz
365,h8wjur2oz4
155,gv6qp6mxvn
212,uuhvzx3ek4
255,q9uq2aa46y
252,m5mhqwlwiw
735,iz027dq2r8
960,h5hhjv52yd
318,l61mixeja8
389,8kqvnb3tqc
858,3re6dtvwx8
462,js4xwyr62m
433,ml1jum5esi
21,az89tbftyv
646,k3pbr3ldt4
993,hq3zt66z4a
104,jcc3dsg510
842,swj1ravrix
389,jr759xom66
526,81k1vj3a4z
392,wr6dqdu43u
920,yvfd81csw7
630,mhecve2vw2
192,5x6ie7eo96
888,3xgl8yzy28
811,9i1ltygpvp
824,k90b4djejk
588,qo8qav4f3o
791,kg6q127lvl
278,j0divq0ncs
98,xpmlvmx8pe
383,isuofcisf9
703,1hluub6rq2
439,ubbi57cln2
375,z79rrud6lp
202,zxn379jb9j
577,f6ffeyqxmd
652,5uzxpiwoyj
779,jn2nx6g39x
223,7syul8fxe4
231,ae3caydx55
587,i0y4dryztg
94,dc4dqzlqrm
315,ncqiis5mjs
824,lx7ypyjndy
575,of7ie7ylig
231,8ghqt42p9c
518,8rqfg0q7tl
499,qp2lfmwqcu
2,2k49e9jz9d
138,jppznzz5yg
833,0cfbtkmhw5
548,38fmm9qpvo
228,1zrcgv4rb8
794,ak18kdkp4n
794,yptorbe2sk
938,galapalkfn
96,ha27ckzw20
827,54q4jjyyvt
804,062gfqtl2x
988,1o9zcvjhcg
389,xobjf424e3
813,6rjna2g3vi
184,siisqrkixm
274,gne3nrudy5
905,qo8qav4f3o
638,l1pk7sb8ye
203,c0or1ra23i
863,vhf28b9sy9
349,zmddrqar3o
206,c68axmbc0w
304,434ic92szz
609,46fluem04r
761,d83u76itko
832,z7nxjt2mc3
225,v2i8ggft4q
451,ysccl96gle
0,fqis71ya4b
426,mn8tpv9a2b
520,mck3lzjvdd
845,s9zp8sdlnn
925,zelf54679o
472,3zmi9hsfu6
916,lx7ypyjndy
623,lajgqlt1ku
535,qp2lfmwqcu
337,eycnat6eix
52,ie52103jdj
755,9n7xil6593
977,5rqgnzrlhz
113,bm55yqr83l
519,yrvafpeuok
895,keg8btbeht
37,ksd6weeqz2
192,lrick6jgme
671,ih15posgtx
149,4c7l1pptq6
429,c1fclxeh28
409,unmi6kby05
263,g0511ybh52
916,hvsis99h9c
939,j7jlx5vp6f
839,pxx4yvjo49
220,7jogbrhyd6
192,ih15posgtx
268,072b2qwthg
503,u8byxfylbe
647,r7rmmqb9zu
412,0t666pk097
25,l9hela6hi1
732,8d6z4u0duq
516,tadpsxzqqp
80,g7y6ik1nms
871,3dgxa3qxbp
893,jg0fd7sskf
197,w5gj2r6jbf
983,icgzlf4t05
162,mivgimslb8
56,jcc3dsg510
665,erqvg3lgqj
701,as7h9kca53
73,oevehh14ja
180,g3sw2u9v7y
563,7v1vssc6wc
746,6pvhqsbbbv
768,cf2u9lpbot
493,or4mji7mp1
147,6i0d4uofsn
465,wr6dqdu43u
815,871b9pzzaf
146,73moi9clyo
913,qpwybak3i0
741,qmjtchcg3a
377,oa8vp6bn8g
979,or4mji7mp1
839,jn2nx6g39x
551,jozeql32bc
899,vwwqdbqapb
583,js4xwyr62m
340,lzd84sl0vz
864,va636udfnk
718,cjjk94bq46
919,bwr7n4lpuw
500,jqxlqker3m
612,t1yohwyd4k
65,ohlbi061ax
392,d5mu1l7czx
701,71662qfb3t
52,7i52h9xdg9
522,r927tm334n
426,z8es9chno7
675,5rqgnzrlhz
150,h1wr7o92yz
785,ytk9pvx56t
304,zxn379jb9j
458,qptz094aee
911,5x6ie7eo96
218,ysccl96gle
472,agkcoy5su9
253,hyoa0ngyr6
702,uyp8tzlna0
625,mck3lzjvdd
962,9qj8b6q2ir
424,j0divq0ncs
940,7zyvafjcm3
557,46fluem04r
53,iaes0v2xds
42,pgt5jkzk8c
990,ibejryjc8t
31,5ynu7ssalv
74,omay03ke9t
964,5d1sg5c8za
754,6m7x9ewtdv
350,fimt9pa779
307,56i2rck253
117,z65sdg2he6
601,5x6ie7eo96
32,gi1pheh7ad
526,z8es9chno7
720,q9uq2aa46y
836,elks39xgnc
405,ml1jum5esi
548,4iosmzksij
348,54q4jjyyvt
418,hvkopseaqh
112,88egzor91u
19,w4yn60b9bu
329,gyac4qv1pc
864,fqpndo3w72
267,c1bg1xruk7
217,ml1jum5esi
346,pyioddpscx
316,sm1pjqssf3
642,8pbuflepvu
453,o8shs24ikc
645,ptzkgmj1zo
178,diqoadlp0u
337,jg7t7phql8
163,hnwm83jwyz
817,mx349neyfe
345,ft0whjo2yt
209,wxfwissza5
926,pjecofqnx2
950,imoyje1cf
680,ocl43egp6w
978,uk7tx195k5
66,6ar2pa52n6
216,15q03m6dn4
190,mck3lzjvdd
994,vfcdnrj6vy
985,lvv9eaypem
856,l1pk7sb8ye
698,kf87d2c1mm
430,q5drphaoqh
636,r3tbw84gvf
338,179ocyip9l
856,ftara9kym1
142,as7h9kca53
185,diqoadlp0u
874,h5hhjv52yd
871,gz2bvgckpa
600,0eu0ta077b
756,ftara9kym1
361,qp2lfmwqcu
639,rvd4rkew8w
583,2k49e9jz9d
862,6bw7u24c5r
729,nytmpbadjq
685,dg2x2rtuee
942,vnevc2t1iz
910,jqnptfqkj7
346,ttyw5lp67w
747,5xprmfevln
357,25as5zxbem
511,nftw9c92ce
87,ux79dbalzj
330,lajgqlt1ku
390,xrp7ncyrd3
413,2rfw3b7l5h
502,ht5wq7zt2j
439,2rvfl01ofk
689,xhcx6u4lir
273,x86fo4r8h4
414,n6zt0ij7nf
613,e6etna66x9
281,byfiv7ccfm
960,sjveab0yzd
487,u09fzop3b4
202,dhhk9r7t20
467,covjs11s97
855,jztm1tj3sb
435,hyoa0ngyr6
385,as6vrq8k04
760,5fnf28fpe7
981,t5r93i43sr
362,e8c2ik1nkg
643,c9ay5z7smm
519,61pibyipfk
533,jgxm5nuyzn
525,800v28tc3l
179,g1z86ejowo
584,6ar2pa52n6
676,emh6cy9r5s
294,npdnqkjun0
357,13fzy4i132
