x5mdlmv74f,u3tr6k5joh,1954
qro2gp2h49,qa84ztq5s7,4923
e9959lbt32,2sm9dxsc8od,1801
4jg0e46v2y,zuk7rciuw8,1920
0n30m99w8e,cpb8qd00gvw,2393
9b9r5r9grk,pd31l0e059g,2461
c1pdoindlf,kx48de3gb1r,313
cjzxey0xwm,73k5koir194,4246
sdcu7ttct9,ui4vzstlnk,2622
2kzpblu076,meermg6b9gm,1825
l4b1loj0fk,9p3necseet,397
8650fgrapm,culprx22j8v,2600
e7ud37w0zs,wtlbk06qyx,3956
y0qlvaecuv,wuy99tpwdrg,4676
mwhw3dfl8o,szdg2282pfi,2283
hxc02qfkb6,1afe314r5fl,2896
4x886tp3jy,1c4o2xuhi2c,4537
jiede8cu8l,efi56ks9ili,3509
3bwdhthldw,2iszyxdrgke,1021
3sfqggdodo,je6dfysv75,2560
feu6ak9wg2,oke87s1iutl,2369
moepv05jf1,2j9l0c3vjhg,984
jr54u8c0s,olt9micrtbr,3070
8rc9pxekme,25z6fltqcw,2025
nldhdukza2,0vjcs66eslv8,3542
c5m0wvzc7z,l4alvbmxe1,4779
ccd2ps8kp5,ca456wqvioo,1825
e2w3m88fg9,zkt5k2ct9k,3013
ni4skjwm68,a8ibojni7t,4767
gvl1c672ki,0d3341w8owuv,4069
8ta6rr5e4y,vb28w8clxga,1311
0j133x0w9x,cayz99gfe08,2413
kx2miastvz,vs25m65oh1,3043
tzbv2sur5g,16kk5sz55zj,3553
29pmdg7cww,81y2ce81fv5,266
52flmavmeg,ymdcu6fytrh,4908
c52pwwjsme,twyzrx0r9rh,2355
kwniyu07hs,tep3blm9ab,1627
lkcr80ipuh,cy0oi0f3mt9,1071
jyfw0ru5ny,g6yoeogdnlc,1519
kkqz3ryooz,0ry4eyz8orm9,500
5v2vk1hh9v,v8bkudbyqfn,3739
rofwihnwxp,36a4wote0ht,2876
2wtk7yekhp,pbt25hnso4l,3168
zcv2sfy6d9,473hsj9vp72,2155
1lr1jv7vts,f4dd4xli1jq,3213
1fsfry42ds,auktqpkn6ow,4968
pyf3hqsfoi,ptsyf7oes5,1412
fnf0l0k20d,25m4yix83tz,1913
8q5yhwqu1l,otrj85he2b,3615
ax0g2r2epm,7dr5ke71mya,4654
2obcfet7rh,c8oel9uvyd,1964
qt6oipr7h9,071nype7lly,2043
c42dh0we4f,bcrk1imhgor,2423
n9efipkdkn,wnbl0uphdxk,3728
6shq85ekuh,hpy7itgvbn,4334
hcntgesiy2,mn8qo2yy6wo,1728
03o2gk9vh4,2v81o4gblgg,1413
tnhhog5crz,jrawcsu63ec,4603
93xwv4v8m5,itobw1ub4jj,4880
678o0krjj0,aqshcxbrrd8,2723
d3xg1exmq3,j9ykv2jxdmm,1599
wbtbesh3o2,tmjjh59nxf,2618
dvbffzpgsh,d4s1hhklgmo,1761
siyn2ospjb,km2yv1uanw,1731
af4cs0m0pf,myrn1zqr9u,1719
age3ogzlbe,sn21nj7drq9,426
g65fw2a8yk,otqr2aap2g,1125
wb69xcfo7x,dizpra95tlg,4408
pqog060c4x,wp4axb15ff,1912
g1fmjve428,2r12zqy0ije,900
mynn88kgwd,pcubxwq8k1g,4595
jyrjacqdnw,rc4xk26l6dc,329
7vvtt5kzqf,lmizmhj81nd,2976
7s5gy9jyvr,8dymper2c0i,3757
38nkz3w6mi,i3wmt3nbui,2696
z6w4y7h4tt,403mb2daatf,1595
u39ahuwg42,tgnlkgozn4f,884
s4wllk18h9,dqa5ho8u5rj,1838
yzuuim45u2,zkchc2ddeao,560
6dlnmx4mdo,c5sukxd3brl,513
boexoh5oaf,qtv78f8bpf,777
kyxzh4bwaf,jhx2vqt3fx,1495
s93n25x803,xrqyvd659j8,4338
w63986zhlq,cje0vmlnrtv,825
1fxmlp6se3,b3r2lwmdi7,3514
qwfcsu593w,qnmgbx57ue,4274
h1manescm0,96dyn6sb4a5,4813
y2uye1azhj,ywvutketpsr,2562
d9ns7z7lqy,zklix2eqweg,2897
2nmgmi13bp,2itsxurrzi,4493
bpr6x0iegq,vp9o9u96y5d,3651
22bkdo0tvd,bkx5hpqcafl,306
mkzuo34cwh,uuz77sggwl,2815
8yqtugmpk3,p162pez35jq,373
pqxgp0o0aj,zs8jpobvvqo,2988
tp6o12feey,a0060sn2gd8,1057
1p7084n4i1,f1ozhzc4k8j,2056
xyazst1qz8,z1nlpxtm81,575
b1llt7xe39,ciyx1h4xn1o,2483
