x79qs8pu59,pvtt1ciyl8,kuksaghmzr
r1kww8e2p1,a271g31lyf,bgjr02asy3
9d5t3r56h0,vbp4cj7zw2,9pujybt9v6
hms7omtj8o,txeaqpksd7,ggv4dnieff
d8nqiia85n,mk9ht77vj2,j97xzr24ra
sbsmbsyl70,owple8w33b,t8wrety15b
yw1rvfi9h2,ycm63a6h1x,hkdngdadlj
zzm69xc4cm,c01mt4nvte,drddggvxtb
impnnjbgng,3uf3xcgeka,snhr11o09h
kfovmnegu7,n2y0coj5n8,rdtlzxw53q
nxefghjuo9,7ij9g4671s,lpliac9nvy
9j2mfw9465,rzko1d52ud,vymvlibefq
82d295mmyi,8lya1oavue,x0uqrnhtek
93wtu3ry1o,cpc7oysjub,fmjfde41a5
zw0yy84a5x,h5ckdnmuyc,ix7l58cvs5
0ixoq3vkrf,v5blc4ju91,8wbdshqytw
6svq63eznj,ngwau0uyvd,ek4g44ozwr
wehtbgfla6,zysxz514jq,v1n7nazae8
s3psdp41sc,7xk8nu40wy,pc7cuqsekp
1pvsw65nm8,p0rh5ajihf,j9xndvcmwm
ns34tpsgu3,kt3ylld8bd,dbbubrxfaj
8r2b4md8sf,62e3vh83o0,2gus8panra
0tf6nmfoxa,0kjj8nnbxy,yt52jkzv32
a9hr8tnash,tejhlyuyne,m3mjska6qz
96rkp7tu50,vfa6fhwcu7,f1f602sey7
4pardvh0jx,vsa0ctksfi,wmtmwmo51a
tr5rkj2qfj,qtjjokdonx,z20u91objh
wvdyyx3at0,rf4uobcal0,yk3miegue9
bb1dsay84h,k24ai6kczl,ae4w03wdi7
oaonu3fwmn,r2knlan10z,znsj2iji1b
65f12imxp3,7k5yt6co9q,wm4lun4hto
quh9u6qsn4,c59brylxp4,205quw80t5
eeqskjwn2l,kkcyougelf,5esub6k194
1aalj4pqdf,wjqf6ajkn2,2x5rien0cg
ixdjuq36jg,gsnfnhy7b5,lhlsoliyz5
5xbwr73uwv,l99wy2co39,jx48vb57a8
jd4fipft6f,32zp1xf8dq,god7k1oiir
1hnhau3owb,cur3or2m7d,cr6p7plnfh
g1xzvz75rp,w8dbi8c2s3,vemvjds347
wrfsbsskya,x5dnvzwq3t,tveubu44d8
sx2fcnci7f,6sfkpys2fl,o8u6x045y7
3xx5h79eqn,fgeqncvz0s,0vhn4g4e7g
fp67bgzet2,m97x8m2g6f,r0flkoftlk
827lhluym5,26addtljn9,hc92qwsspa
jwkp2zw6n1,celzfushjg,rc4gc8wsy6
xofxkzn4de,3h77pvjctu,npuysaxh3c
cusdv52h0w,hiydqlc5fr,b7mta8nd1z
3l0pmhz9s7,9pe3xj9j68,uzqg01a0th
vdb7ef1esa,ubg1k03pwa,jlclqecqte
qs61rgvc1z,r0zpm8tfrl,dxsrbeafuq
