2wtk7yekhp,274
pqog060c4x,509
z6w4y7h4tt,731
age3ogzlbe,119
moepv05jf1,197
lkcr80ipuh,910
l4b1loj0fk,455
age3ogzlbe,646
c42dh0we4f,285
6shq85ekuh,964
e7ud37w0zs,549
3bwdhthldw,694
siyn2ospjb,449
ni4skjwm68,16
tp6o12feey,719
rofwihnwxp,506
3sfqggdodo,856
sdcu7ttct9,445
af4cs0m0pf,303
pqog060c4x,273
g65fw2a8yk,276
1fxmlp6se3,177
xyazst1qz8,118
678o0krjj0,293
7s5gy9jyvr,961
x5mdlmv74f,101
2wtk7yekhp,869
tzbv2sur5g,677
gvl1c672ki,166
22bkdo0tvd,678
boexoh5oaf,272
8650fgrapm,183
g65fw2a8yk,312
xyazst1qz8,400
29pmdg7cww,300
4x886tp3jy,576
ni4skjwm68,587
kkqz3ryooz,674
mynn88kgwd,873
s4wllk18h9,976
0j133x0w9x,283
gvl1c672ki,606
lkcr80ipuh,854
29pmdg7cww,44
g1fmjve428,833
2nmgmi13bp,201
tp6o12feey,172
xyazst1qz8,821
e7ud37w0zs,187
jiede8cu8l,658
1p7084n4i1,664
1fxmlp6se3,833
2wtk7yekhp,25
678o0krjj0,572
l4b1loj0fk,747
z6w4y7h4tt,815
y0qlvaecuv,514
kx2miastvz,285
kx2miastvz,114
hxc02qfkb6,483
s4wllk18h9,878
8rc9pxekme,612
nldhdukza2,209
sdcu7ttct9,489
29pmdg7cww,281
u39ahuwg42,269
ni4skjwm68,211
7s5gy9jyvr,199
g1fmjve428,271
l4b1loj0fk,511
3bwdhthldw,827
s93n25x803,573
6dlnmx4mdo,990
1lr1jv7vts,852
qwfcsu593w,858
3sfqggdodo,222
wbtbesh3o2,267
1lr1jv7vts,409
s93n25x803,979
678o0krjj0,480
e2w3m88fg9,953
bpr6x0iegq,254
52flmavmeg,758
lkcr80ipuh,722
6dlnmx4mdo,344
s93n25x803,418
xyazst1qz8,612
1fsfry42ds,797
c5m0wvzc7z,75
u39ahuwg42,318
kx2miastvz,662
ni4skjwm68,15
qro2gp2h49,216
wb69xcfo7x,733
yzuuim45u2,588
qro2gp2h49,314
qro2gp2h49,826
g65fw2a8yk,519
2kzpblu076,285
kwniyu07hs,868
bpr6x0iegq,347
mkzuo34cwh,117
jyfw0ru5ny,274
d9ns7z7lqy,850
8650fgrapm,965
s93n25x803,606
w63986zhlq,240
jyfw0ru5ny,165
qt6oipr7h9,357
3bwdhthldw,361
mynn88kgwd,701
kyxzh4bwaf,244
tp6o12feey,485
d9ns7z7lqy,236
jyfw0ru5ny,780
moepv05jf1,803
y2uye1azhj,832
e2w3m88fg9,546
yzuuim45u2,948
2nmgmi13bp,969
y0qlvaecuv,161
d3xg1exmq3,24
6dlnmx4mdo,141
af4cs0m0pf,114
h1manescm0,490
rofwihnwxp,987
4jg0e46v2y,288
siyn2ospjb,927
y0qlvaecuv,610
e7ud37w0zs,471
z6w4y7h4tt,485
l4b1loj0fk,953
gvl1c672ki,462
qro2gp2h49,573
n9efipkdkn,306
boexoh5oaf,981
e7ud37w0zs,612
zcv2sfy6d9,451
lkcr80ipuh,318
2nmgmi13bp,492
7s5gy9jyvr,262
moepv05jf1,468
dvbffzpgsh,641
e7ud37w0zs,516
6dlnmx4mdo,343
38nkz3w6mi,760
y2uye1azhj,852
8q5yhwqu1l,483
c42dh0we4f,543
4x886tp3jy,929
9b9r5r9grk,266
u39ahuwg42,904
8yqtugmpk3,674
22bkdo0tvd,534
y2uye1azhj,955
age3ogzlbe,302
8ta6rr5e4y,179
03o2gk9vh4,634
3bwdhthldw,20
tp6o12feey,117
jyrjacqdnw,345
8q5yhwqu1l,957
6dlnmx4mdo,187
0n30m99w8e,528
ax0g2r2epm,36
6shq85ekuh,760
gvl1c672ki,665
jyrjacqdnw,295
siyn2ospjb,417
8yqtugmpk3,388
jiede8cu8l,802
s93n25x803,269
h1manescm0,483
8ta6rr5e4y,50
ccd2ps8kp5,895
mwhw3dfl8o,674
kx2miastvz,908
cjzxey0xwm,89
hxc02qfkb6,191
fnf0l0k20d,929
0n30m99w8e,283
y2uye1azhj,271
xyazst1qz8,502
1lr1jv7vts,427
jyfw0ru5ny,255
kyxzh4bwaf,648
moepv05jf1,294
8650fgrapm,551
l4b1loj0fk,713
c5m0wvzc7z,390
4jg0e46v2y,845
7vvtt5kzqf,894
feu6ak9wg2,151
h1manescm0,484
jiede8cu8l,661
fnf0l0k20d,299
0j133x0w9x,313
hxc02qfkb6,963
5v2vk1hh9v,903
y2uye1azhj,671
29pmdg7cww,470
93xwv4v8m5,686
0j133x0w9x,933
2wtk7yekhp,965
kkqz3ryooz,170
38nkz3w6mi,23
8650fgrapm,540
5v2vk1hh9v,85
kx2miastvz,95
mwhw3dfl8o,752
hcntgesiy2,165
z6w4y7h4tt,95
ni4skjwm68,589
pyf3hqsfoi,307
h1manescm0,900
feu6ak9wg2,107
3bwdhthldw,504
2nmgmi13bp,445
l4b1loj0fk,353
wbtbesh3o2,892
tp6o12feey,84
mynn88kgwd,647
7vvtt5kzqf,386
8q5yhwqu1l,919
29pmdg7cww,215
tzbv2sur5g,124
29pmdg7cww,522
g65fw2a8yk,890
jyfw0ru5ny,245
qro2gp2h49,112
93xwv4v8m5,390
n9efipkdkn,245
2wtk7yekhp,362
x5mdlmv74f,354
1p7084n4i1,480
d9ns7z7lqy,481
pyf3hqsfoi,966
pyf3hqsfoi,289
1lr1jv7vts,891
wb69xcfo7x,629
1lr1jv7vts,346
kwniyu07hs,662
zcv2sfy6d9,852
dvbffzpgsh,358
w63986zhlq,490
8rc9pxekme,953
52flmavmeg,363
9b9r5r9grk,369
rofwihnwxp,255
ax0g2r2epm,342
z6w4y7h4tt,929
s93n25x803,394
feu6ak9wg2,449
5v2vk1hh9v,596
ni4skjwm68,443
1p7084n4i1,633
52flmavmeg,763
d3xg1exmq3,538
nldhdukza2,578
w63986zhlq,53
qt6oipr7h9,516
4jg0e46v2y,64
4jg0e46v2y,262
2wtk7yekhp,549
2kzpblu076,487
52flmavmeg,941
3sfqggdodo,47
tp6o12feey,178
7vvtt5kzqf,243
93xwv4v8m5,645
8yqtugmpk3,989
pqxgp0o0aj,819
1p7084n4i1,477
nldhdukza2,763
pqog060c4x,921
9b9r5r9grk,114
38nkz3w6mi,103
mwhw3dfl8o,820
yzuuim45u2,872
cjzxey0xwm,500
g65fw2a8yk,202
c52pwwjsme,865
d3xg1exmq3,626
mwhw3dfl8o,772
jiede8cu8l,227
kwniyu07hs,242
3sfqggdodo,735
e9959lbt32,941
w63986zhlq,397
29pmdg7cww,108
22bkdo0tvd,881
1p7084n4i1,711
678o0krjj0,722
x5mdlmv74f,965
jyrjacqdnw,104
22bkdo0tvd,43
9b9r5r9grk,561
gvl1c672ki,141
y2uye1azhj,98
tzbv2sur5g,202
1lr1jv7vts,750
sdcu7ttct9,759
w63986zhlq,120
678o0krjj0,481
2wtk7yekhp,763
7s5gy9jyvr,771
7vvtt5kzqf,81
1lr1jv7vts,484
bpr6x0iegq,713
e7ud37w0zs,215
mynn88kgwd,927
dvbffzpgsh,663
lkcr80ipuh,4
s93n25x803,843
c1pdoindlf,598
u39ahuwg42,603
fnf0l0k20d,23
moepv05jf1,620
dvbffzpgsh,845
kwniyu07hs,760
93xwv4v8m5,16
d3xg1exmq3,809
c1pdoindlf,688
8650fgrapm,335
pqxgp0o0aj,936
8ta6rr5e4y,165
yzuuim45u2,574
kkqz3ryooz,912
lkcr80ipuh,640
3bwdhthldw,62
d3xg1exmq3,799
g1fmjve428,566
c52pwwjsme,117
c52pwwjsme,388
mkzuo34cwh,61
e9959lbt32,956
4jg0e46v2y,953
g1fmjve428,810
38nkz3w6mi,253
qt6oipr7h9,32
gvl1c672ki,340
tnhhog5crz,260
0n30m99w8e,347
yzuuim45u2,689
2wtk7yekhp,633
yzuuim45u2,430
0n30m99w8e,59
pyf3hqsfoi,139
ni4skjwm68,239
bpr6x0iegq,794
e9959lbt32,869
wb69xcfo7x,502
gvl1c672ki,35
c1pdoindlf,148
moepv05jf1,10
3bwdhthldw,513
93xwv4v8m5,410
h1manescm0,166
tzbv2sur5g,294
u39ahuwg42,341
1fsfry42ds,521
2kzpblu076,804
4jg0e46v2y,604
2nmgmi13bp,179
l4b1loj0fk,300
93xwv4v8m5,551
678o0krjj0,169
jyrjacqdnw,301
8yqtugmpk3,734
kyxzh4bwaf,700
zcv2sfy6d9,404
wb69xcfo7x,261
8650fgrapm,794
0j133x0w9x,507
8ta6rr5e4y,749
1p7084n4i1,695
nldhdukza2,279
c52pwwjsme,45
pqxgp0o0aj,7
mwhw3dfl8o,304
8ta6rr5e4y,878
n9efipkdkn,270
e2w3m88fg9,376
678o0krjj0,377
e9959lbt32,432
xyazst1qz8,283
yzuuim45u2,815
bpr6x0iegq,234
pyf3hqsfoi,866
lkcr80ipuh,476
93xwv4v8m5,850
moepv05jf1,872
6shq85ekuh,73
qt6oipr7h9,186
1fxmlp6se3,288
4x886tp3jy,812
age3ogzlbe,166
ccd2ps8kp5,622
8yqtugmpk3,803
tnhhog5crz,987
qro2gp2h49,261
pqxgp0o0aj,559
l4b1loj0fk,237
1lr1jv7vts,293
8650fgrapm,902
z6w4y7h4tt,459
kyxzh4bwaf,273
l4b1loj0fk,214
9b9r5r9grk,124
mynn88kgwd,34
tzbv2sur5g,625
hxc02qfkb6,915
29pmdg7cww,609
1fxmlp6se3,804
0j133x0w9x,217
sdcu7ttct9,107
kkqz3ryooz,400
kwniyu07hs,326
rofwihnwxp,289
s4wllk18h9,402
moepv05jf1,995
e9959lbt32,703
8rc9pxekme,493
c1pdoindlf,246
tzbv2sur5g,615
jyfw0ru5ny,295
y0qlvaecuv,295
2wtk7yekhp,541
2nmgmi13bp,410
x5mdlmv74f,602
tnhhog5crz,884
mynn88kgwd,924
nldhdukza2,969
1lr1jv7vts,575
2wtk7yekhp,808
ni4skjwm68,683
hcntgesiy2,583
cjzxey0xwm,761
z6w4y7h4tt,197
e7ud37w0zs,927
qwfcsu593w,42
rofwihnwxp,820
2wtk7yekhp,301
8yqtugmpk3,355
nldhdukza2,750
moepv05jf1,352
af4cs0m0pf,731
u39ahuwg42,171
qwfcsu593w,248
g1fmjve428,876
9b9r5r9grk,935
jyrjacqdnw,660
lkcr80ipuh,272
2nmgmi13bp,300
sdcu7ttct9,376
xyazst1qz8,588
bpr6x0iegq,649
7s5gy9jyvr,742
ax0g2r2epm,824
22bkdo0tvd,824
8650fgrapm,587
8yqtugmpk3,462
pqog060c4x,339
52flmavmeg,424
7vvtt5kzqf,490
1p7084n4i1,4
7vvtt5kzqf,956
1fxmlp6se3,958
mwhw3dfl8o,498
8q5yhwqu1l,585
5v2vk1hh9v,287
jyrjacqdnw,775
8ta6rr5e4y,139
qwfcsu593w,135
38nkz3w6mi,1
hcntgesiy2,206
8ta6rr5e4y,848
fnf0l0k20d,514
tnhhog5crz,270
lkcr80ipuh,501
u39ahuwg42,553
678o0krjj0,582
1fxmlp6se3,525
bpr6x0iegq,749
c5m0wvzc7z,869
2nmgmi13bp,997
tzbv2sur5g,295
qwfcsu593w,587
c1pdoindlf,983
rofwihnwxp,667
sdcu7ttct9,45
wb69xcfo7x,491
1fxmlp6se3,899
kkqz3ryooz,734
n9efipkdkn,982
93xwv4v8m5,122
n9efipkdkn,980
moepv05jf1,220
38nkz3w6mi,533
af4cs0m0pf,400
age3ogzlbe,32
mkzuo34cwh,450
moepv05jf1,565
qro2gp2h49,470
rofwihnwxp,949
s4wllk18h9,23
kx2miastvz,123
93xwv4v8m5,880
678o0krjj0,912
kkqz3ryooz,175
7vvtt5kzqf,309
2obcfet7rh,197
2nmgmi13bp,579
s4wllk18h9,914
moepv05jf1,274
2wtk7yekhp,181
8q5yhwqu1l,222
e7ud37w0zs,995
pyf3hqsfoi,371
z6w4y7h4tt,467
jr54u8c0s,88
y2uye1azhj,89
jyfw0ru5ny,544
dvbffzpgsh,871
0j133x0w9x,863
03o2gk9vh4,582
2kzpblu076,593
pyf3hqsfoi,835
jr54u8c0s,48
ax0g2r2epm,347
u39ahuwg42,299
u39ahuwg42,2
zcv2sfy6d9,368
tzbv2sur5g,140
8650fgrapm,954
qt6oipr7h9,480
rofwihnwxp,109
kx2miastvz,529
e9959lbt32,731
dvbffzpgsh,354
pqog060c4x,428
03o2gk9vh4,222
wbtbesh3o2,64
s4wllk18h9,117
e9959lbt32,697
jr54u8c0s,814
x5mdlmv74f,666
d3xg1exmq3,236
jyrjacqdnw,616
dvbffzpgsh,784
cjzxey0xwm,634
2obcfet7rh,772
x5mdlmv74f,625
feu6ak9wg2,610
x5mdlmv74f,775
1fxmlp6se3,449
zcv2sfy6d9,92
wb69xcfo7x,501
d3xg1exmq3,422
hcntgesiy2,524
2nmgmi13bp,375
u39ahuwg42,326
kyxzh4bwaf,662
bpr6x0iegq,991
u39ahuwg42,823
2nmgmi13bp,612
8yqtugmpk3,80
kkqz3ryooz,956
siyn2ospjb,279
z6w4y7h4tt,859
pqxgp0o0aj,606
c52pwwjsme,740
0j133x0w9x,340
1p7084n4i1,432
fnf0l0k20d,724
pyf3hqsfoi,828
6shq85ekuh,871
jiede8cu8l,737
cjzxey0xwm,92
1p7084n4i1,507
s4wllk18h9,259
mwhw3dfl8o,968
5v2vk1hh9v,544
3bwdhthldw,800
7vvtt5kzqf,347
z6w4y7h4tt,506
9b9r5r9grk,355
nldhdukza2,125
38nkz3w6mi,804
ccd2ps8kp5,149
9b9r5r9grk,384
ccd2ps8kp5,573
1fsfry42ds,700
zcv2sfy6d9,530
29pmdg7cww,810
fnf0l0k20d,555
7s5gy9jyvr,173
siyn2ospjb,489
d9ns7z7lqy,512
ax0g2r2epm,263
y2uye1azhj,403
1p7084n4i1,938
mkzuo34cwh,700
8650fgrapm,67
s93n25x803,508
c5m0wvzc7z,910
ax0g2r2epm,465
x5mdlmv74f,771
52flmavmeg,352
52flmavmeg,444
mynn88kgwd,810
5v2vk1hh9v,460
sdcu7ttct9,316
w63986zhlq,856
nldhdukza2,613
6shq85ekuh,84
mynn88kgwd,403
0n30m99w8e,498
1p7084n4i1,523
jyfw0ru5ny,311
d3xg1exmq3,663
u39ahuwg42,0
22bkdo0tvd,965
lkcr80ipuh,298
jyrjacqdnw,262
kx2miastvz,280
xyazst1qz8,2
fnf0l0k20d,712
boexoh5oaf,355
ccd2ps8kp5,947
d3xg1exmq3,578
mkzuo34cwh,79
ccd2ps8kp5,159
y2uye1azhj,9
nldhdukza2,538
8ta6rr5e4y,113
8650fgrapm,8
0n30m99w8e,455
678o0krjj0,419
tnhhog5crz,641
lkcr80ipuh,872
pqog060c4x,599
kwniyu07hs,247
52flmavmeg,404
mwhw3dfl8o,246
jyrjacqdnw,705
lkcr80ipuh,733
qro2gp2h49,514
3bwdhthldw,273
tzbv2sur5g,222
cjzxey0xwm,495
s93n25x803,728
1lr1jv7vts,777
tzbv2sur5g,297
mynn88kgwd,619
xyazst1qz8,396
qro2gp2h49,182
d9ns7z7lqy,508
qt6oipr7h9,239
0j133x0w9x,29
kx2miastvz,900
u39ahuwg42,458
e7ud37w0zs,734
boexoh5oaf,384
6shq85ekuh,875
6dlnmx4mdo,757
rofwihnwxp,912
ccd2ps8kp5,532
kwniyu07hs,702
3bwdhthldw,903
1p7084n4i1,287
c1pdoindlf,37
ni4skjwm68,209
8yqtugmpk3,364
gvl1c672ki,671
hcntgesiy2,350
kkqz3ryooz,48
mkzuo34cwh,901
sdcu7ttct9,752
1p7084n4i1,498
hxc02qfkb6,756
kwniyu07hs,411
af4cs0m0pf,586
8q5yhwqu1l,605
kkqz3ryooz,798
bpr6x0iegq,474
jr54u8c0s,167
wbtbesh3o2,27
03o2gk9vh4,619
d9ns7z7lqy,509
8rc9pxekme,993
1fsfry42ds,300
feu6ak9wg2,978
s93n25x803,692
kwniyu07hs,209
d3xg1exmq3,127
8ta6rr5e4y,936
s4wllk18h9,817
2kzpblu076,173
af4cs0m0pf,996
g65fw2a8yk,654
x5mdlmv74f,741
22bkdo0tvd,795
pqog060c4x,359
zcv2sfy6d9,787
1fxmlp6se3,375
1fxmlp6se3,185
u39ahuwg42,882
kx2miastvz,24
8650fgrapm,791
38nkz3w6mi,200
pqog060c4x,863
5v2vk1hh9v,787
w63986zhlq,782
678o0krjj0,85
8q5yhwqu1l,247
2wtk7yekhp,246
kwniyu07hs,560
7s5gy9jyvr,886
4x886tp3jy,691
8q5yhwqu1l,532
l4b1loj0fk,130
g65fw2a8yk,635
8650fgrapm,314
tzbv2sur5g,80
c52pwwjsme,845
qro2gp2h49,321
kx2miastvz,532
7s5gy9jyvr,804
moepv05jf1,466
qro2gp2h49,407
z6w4y7h4tt,5
mwhw3dfl8o,520
4jg0e46v2y,550
1p7084n4i1,419
qwfcsu593w,169
52flmavmeg,604
yzuuim45u2,331
5v2vk1hh9v,187
2kzpblu076,836
z6w4y7h4tt,966
3bwdhthldw,369
03o2gk9vh4,503
s4wllk18h9,805
n9efipkdkn,728
e7ud37w0zs,864
d3xg1exmq3,605
x5mdlmv74f,295
mkzuo34cwh,790
nldhdukza2,840
u39ahuwg42,296
4x886tp3jy,623
lkcr80ipuh,485
boexoh5oaf,190
8yqtugmpk3,787
e7ud37w0zs,810
ax0g2r2epm,703
g65fw2a8yk,557
kyxzh4bwaf,557
hxc02qfkb6,640
nldhdukza2,110
kx2miastvz,19
dvbffzpgsh,508
n9efipkdkn,656
g1fmjve428,445
n9efipkdkn,847
l4b1loj0fk,342
ax0g2r2epm,805
mwhw3dfl8o,429
yzuuim45u2,966
2nmgmi13bp,817
kx2miastvz,84
jyfw0ru5ny,525
dvbffzpgsh,164
1lr1jv7vts,336
pyf3hqsfoi,700
jyrjacqdnw,144
mkzuo34cwh,603
ax0g2r2epm,514
0j133x0w9x,3
kkqz3ryooz,835
y0qlvaecuv,816
l4b1loj0fk,821
xyazst1qz8,696
qro2gp2h49,289
93xwv4v8m5,496
d9ns7z7lqy,746
2obcfet7rh,765
jyrjacqdnw,77
mynn88kgwd,295
e7ud37w0zs,117
ccd2ps8kp5,505
1fsfry42ds,391
u39ahuwg42,584
x5mdlmv74f,854
c52pwwjsme,873
22bkdo0tvd,697
af4cs0m0pf,973
38nkz3w6mi,70
pqxgp0o0aj,898
tp6o12feey,184
2nmgmi13bp,237
678o0krjj0,182
rofwihnwxp,422
1lr1jv7vts,583
c42dh0we4f,881
wb69xcfo7x,194
boexoh5oaf,108
fnf0l0k20d,463
2obcfet7rh,343
moepv05jf1,831
4jg0e46v2y,878
feu6ak9wg2,516
cjzxey0xwm,663
pqog060c4x,999
e2w3m88fg9,291
y0qlvaecuv,581
u39ahuwg42,384
4jg0e46v2y,751
d9ns7z7lqy,359
s93n25x803,195
s93n25x803,448
qwfcsu593w,526
4x886tp3jy,222
e2w3m88fg9,836
c1pdoindlf,979
pqxgp0o0aj,527
cjzxey0xwm,919
h1manescm0,767
jiede8cu8l,53
1lr1jv7vts,276
yzuuim45u2,924
03o2gk9vh4,166
678o0krjj0,772
6shq85ekuh,979
tnhhog5crz,289
pqog060c4x,12
ni4skjwm68,220
x5mdlmv74f,621
g1fmjve428,296
4jg0e46v2y,756
yzuuim45u2,811
8yqtugmpk3,536
pqxgp0o0aj,728
d9ns7z7lqy,619
c5m0wvzc7z,804
jiede8cu8l,656
4jg0e46v2y,131
mynn88kgwd,937
boexoh5oaf,715
d3xg1exmq3,10
u39ahuwg42,42
gvl1c672ki,499
2nmgmi13bp,601
93xwv4v8m5,988
2obcfet7rh,419
2kzpblu076,57
xyazst1qz8,993
2nmgmi13bp,577
ccd2ps8kp5,26
kwniyu07hs,393
gvl1c672ki,688
29pmdg7cww,758
dvbffzpgsh,555
e9959lbt32,993
dvbffzpgsh,756
ax0g2r2epm,740
qwfcsu593w,990
29pmdg7cww,525
e2w3m88fg9,544
qwfcsu593w,533
8q5yhwqu1l,455
e9959lbt32,505
6shq85ekuh,697
c5m0wvzc7z,728
af4cs0m0pf,757
2obcfet7rh,109
s4wllk18h9,100
1fxmlp6se3,268
5v2vk1hh9v,447
kkqz3ryooz,816
3bwdhthldw,162
6shq85ekuh,313
kx2miastvz,855
jyrjacqdnw,330
38nkz3w6mi,968
mynn88kgwd,110
h1manescm0,119
9b9r5r9grk,763
tp6o12feey,149
yzuuim45u2,798
qt6oipr7h9,629
jyfw0ru5ny,905
29pmdg7cww,537
6dlnmx4mdo,676
38nkz3w6mi,107
jyrjacqdnw,937
yzuuim45u2,950
d9ns7z7lqy,533
0j133x0w9x,350
h1manescm0,609
8rc9pxekme,275
lkcr80ipuh,831
wbtbesh3o2,92
6shq85ekuh,960
7s5gy9jyvr,550
2nmgmi13bp,523
c1pdoindlf,626
4x886tp3jy,855
d3xg1exmq3,387
lkcr80ipuh,969
n9efipkdkn,125
c52pwwjsme,201
qt6oipr7h9,927
wbtbesh3o2,983
7s5gy9jyvr,847
1lr1jv7vts,963
g1fmjve428,987
29pmdg7cww,393
0n30m99w8e,687
u39ahuwg42,542
4x886tp3jy,205
ax0g2r2epm,31
y2uye1azhj,547
ccd2ps8kp5,765
d3xg1exmq3,496
8ta6rr5e4y,781
sdcu7ttct9,333
moepv05jf1,705
qt6oipr7h9,577
boexoh5oaf,244
38nkz3w6mi,301
pqog060c4x,75
wbtbesh3o2,948
g65fw2a8yk,486
2kzpblu076,247
8650fgrapm,668
g65fw2a8yk,284
kwniyu07hs,190
x5mdlmv74f,942
22bkdo0tvd,579
wb69xcfo7x,312
1lr1jv7vts,841
7vvtt5kzqf,352
fnf0l0k20d,370
ni4skjwm68,442
z6w4y7h4tt,719
mynn88kgwd,169
g65fw2a8yk,837
g65fw2a8yk,248
wbtbesh3o2,658
l4b1loj0fk,522
1p7084n4i1,882
8rc9pxekme,817
22bkdo0tvd,607
feu6ak9wg2,334
6shq85ekuh,844
n9efipkdkn,120
s4wllk18h9,982
feu6ak9wg2,345
6dlnmx4mdo,422
1fsfry42ds,760
ni4skjwm68,337
fnf0l0k20d,927
sdcu7ttct9,121
c52pwwjsme,402
ccd2ps8kp5,599
c52pwwjsme,370
siyn2ospjb,75
fnf0l0k20d,591
e7ud37w0zs,47
c1pdoindlf,543
c52pwwjsme,928
jiede8cu8l,63
7vvtt5kzqf,283
kyxzh4bwaf,140
s93n25x803,303
zcv2sfy6d9,234
4jg0e46v2y,401
qt6oipr7h9,258
2obcfet7rh,790
2wtk7yekhp,723
x5mdlmv74f,735
age3ogzlbe,971
93xwv4v8m5,41
1fxmlp6se3,729
y2uye1azhj,870
7vvtt5kzqf,560
kkqz3ryooz,256
moepv05jf1,809
c42dh0we4f,128
e9959lbt32,919
0j133x0w9x,191
8yqtugmpk3,752
0j133x0w9x,182
zcv2sfy6d9,17
7vvtt5kzqf,776
moepv05jf1,270
7s5gy9jyvr,800
g65fw2a8yk,811
